ID,CLASSIFIED,TYPE
LUCENE-2719,IMPROVEMENT,IMPROVEMENT
LUCENE-754,BUG,BUG
LUCENE-1487,RFE,RFE
LUCENE-2216,BUG,BUG
LUCENE-1061,RFE,IMPROVEMENT
LUCENE-456,BUG,BUG
LUCENE-2243,RFE,IMPROVEMENT
LUCENE-2458,CLEANUP,BUG
LUCENE-2670,RFE,IMPROVEMENT
LUCENE-3183,BUG,BUG
LUCENE-2606,IMPROVEMENT,IMPROVEMENT
LUCENE-609,BACKPORT,BUG
LUCENE-912,BUG,BUG
LUCENE-2144,BUG,BUG
LUCENE-3129,RFE,IMPROVEMENT
LUCENE-1826,RFE,IMPROVEMENT
LUCENE-3743,TEST,BUG
LUCENE-1495,RFE,IMPROVEMENT
LUCENE-3483,REFACTORING,IMPROVEMENT
LUCENE-882,IMPROVEMENT,IMPROVEMENT
LUCENE-3472,BACKPORT,BUG
LUCENE-2826,IMPROVEMENT,IMPROVEMENT
LUCENE-1435,RFE,RFE
LUCENE-539,CLEANUP,IMPROVEMENT
LUCENE-2035,BUG,BUG
LUCENE-3196,IMPROVEMENT,IMPROVEMENT
LUCENE-764,DOCUMENTATION,IMPROVEMENT
LUCENE-1903,BUG,BUG
LUCENE-1843,TEST,IMPROVEMENT
LUCENE-661,BUILD_SYSTEM,BUG
LUCENE-2038,DOCUMENTATION,TASK
LUCENE-771,IMPROVEMENT,IMPROVEMENT
LUCENE-929,IMPROVEMENT,BUG
LUCENE-2254,RFE,IMPROVEMENT
LUCENE-2634,BUG,BUG
LUCENE-3186,IMPROVEMENT,IMPROVEMENT
LUCENE-1449,BUG,BUG
LUCENE-3210,RFE,IMPROVEMENT
LUCENE-207,BUG,BUG
LUCENE-1582,REFACTORING,IMPROVEMENT
LUCENE-1325,RFE,IMPROVEMENT
LUCENE-1142,BUILD_SYSTEM,IMPROVEMENT
LUCENE-3690,RFE,RFE
LUCENE-1346,IMPROVEMENT,IMPROVEMENT
LUCENE-2961,CLEANUP,IMPROVEMENT
LUCENE-1809,RFE,BUG
LUCENE-3644,BUG,BUG
LUCENE-3578,BUG,BUG
LUCENE-1724,IMPROVEMENT,IMPROVEMENT
LUCENE-2055,CLEANUP,BUG
LUCENE-3306,CLEANUP,IMPROVEMENT
LUCENE-1488,RFE,RFE
LUCENE-2444,REFACTORING,TASK
LUCENE-941,BUG,BUG
LUCENE-3776,DESIGN_DEFECT,IMPROVEMENT
LUCENE-3658,BUG,BUG
LUCENE-1327,BUG,BUG
LUCENE-3074,RFE,TASK
LUCENE-1369,IMPROVEMENT,IMPROVEMENT
LUCENE-3573,BUG,BUG
LUCENE-2169,IMPROVEMENT,IMPROVEMENT
LUCENE-1465,BUG,BUG
LUCENE-2796,TEST,BUG
LUCENE-2012,CLEANUP,TASK
LUCENE-3687,RFE,RFE
LUCENE-540,BUG,BUG
LUCENE-2934,IMPROVEMENT,IMPROVEMENT
LUCENE-443,IMPROVEMENT,BUG
LUCENE-656,CLEANUP,IMPROVEMENT
LUCENE-3534,BACKPORT,IMPROVEMENT
LUCENE-1280,BUG,BUG
LUCENE-729,IMPROVEMENT,IMPROVEMENT
LUCENE-1038,RFE,IMPROVEMENT
LUCENE-3225,IMPROVEMENT,IMPROVEMENT
LUCENE-3745,RFE,IMPROVEMENT
LUCENE-2571,TEST,TASK
LUCENE-2290,IMPROVEMENT,IMPROVEMENT
LUCENE-1114,DOCUMENTATION,BUG
LUCENE-3401,BUG,BUG
LUCENE-325,RFE,IMPROVEMENT
LUCENE-3182,BUG,BUG
LUCENE-2940,BUG,BUG
LUCENE-1987,CLEANUP,TASK
LUCENE-1011,BUG,BUG
LUCENE-2688,RFE,BUG
LUCENE-1272,RFE,RFE
LUCENE-822,RFE,IMPROVEMENT
LUCENE-3296,RFE,IMPROVEMENT
LUCENE-2293,RFE,BUG
LUCENE-879,RFE,IMPROVEMENT
LUCENE-2011,CLEANUP,TASK
LUCENE-288,BUILD_SYSTEM,BUG
LUCENE-1016,RFE,RFE
LUCENE-1314,RFE,RFE
LUCENE-967,RFE,IMPROVEMENT
LUCENE-3800,BUG,BUG
LUCENE-223,CLEANUP,IMPROVEMENT
LUCENE-1550,RFE,RFE
LUCENE-387,RFE,BUG
LUCENE-354,TEST,BUG
LUCENE-2059,RFE,IMPROVEMENT
LUCENE-348,DOCUMENTATION,BUG
LUCENE-1405,BUILD_SYSTEM,IMPROVEMENT
LUCENE-3345,BUG,BUG
LUCENE-866,IMPROVEMENT,IMPROVEMENT
LUCENE-1742,REFACTORING,IMPROVEMENT
LUCENE-2989,TEST,BUG
LUCENE-873,BUILD_SYSTEM,BUG
LUCENE-2067,RFE,RFE
LUCENE-3556,DESIGN_DEFECT,IMPROVEMENT
LUCENE-2561,BUG,BUG
LUCENE-1913,BUG,BUG
LUCENE-2624,RFE,RFE
LUCENE-272,CLEANUP,IMPROVEMENT
LUCENE-488,BUG,BUG
LUCENE-1558,IMPROVEMENT,IMPROVEMENT
LUCENE-2742,RFE,IMPROVEMENT
LUCENE-1427,IMPROVEMENT,IMPROVEMENT
LUCENE-2124,REFACTORING,TASK
LUCENE-3249,REFACTORING,
LUCENE-1048,BUG,BUG
LUCENE-3051,BUG,BUG
LUCENE-1442,BUG,BUG
LUCENE-1918,BUG,BUG
LUCENE-3709,BUG,BUG
LUCENE-2700,RFE,RFE
LUCENE-2797,RFE,TASK
LUCENE-1728,REFACTORING,IMPROVEMENT
LUCENE-3068,BUG,BUG
LUCENE-3827,DESIGN_DEFECT,IMPROVEMENT
LUCENE-3692,BUG,BUG
LUCENE-2477,CLEANUP,BUG
LUCENE-1090,IMPROVEMENT,IMPROVEMENT
LUCENE-864,TASK,IMPROVEMENT
LUCENE-728,CLEANUP,TASK
LUCENE-3058,RFE,IMPROVEMENT
LUCENE-1251,BUG,BUG
LUCENE-1339,RFE,RFE
LUCENE-3024,BUG,BUG
LUCENE-1383,IMPROVEMENT,BUG
LUCENE-3528,BUG,BUG
LUCENE-867,BUILD_SYSTEM,BUG
LUCENE-1365,DOCUMENTATION,IMPROVEMENT
LUCENE-2689,BUG,BUG
LUCENE-2298,RFE,RFE
LUCENE-653,BUG,IMPROVEMENT
LUCENE-3757,DESIGN_DEFECT,IMPROVEMENT
LUCENE-834,RFE,RFE
LUCENE-2824,IMPROVEMENT,IMPROVEMENT
LUCENE-3552,REFACTORING,IMPROVEMENT
LUCENE-2664,RFE,IMPROVEMENT
LUCENE-1764,BUG,BUG
LUCENE-2591,BUILD_SYSTEM,BUG
LUCENE-3416,RFE,IMPROVEMENT
LUCENE-969,IMPROVEMENT,IMPROVEMENT
LUCENE-3241,CLEANUP,
LUCENE-2069,IMPROVEMENT,IMPROVEMENT
LUCENE-1976,BUG,BUG
LUCENE-3727,BUG,TASK
LUCENE-1993,RFE,IMPROVEMENT
LUCENE-3053,TEST,TASK
LUCENE-2380,IMPROVEMENT,IMPROVEMENT
LUCENE-1469,IMPROVEMENT,IMPROVEMENT
LUCENE-3671,RFE,RFE
LUCENE-444,BUG,BUG
LUCENE-450,BUG,BUG
LUCENE-1786,IMPROVEMENT,TEST
LUCENE-1444,DOCUMENTATION,BUG
LUCENE-3589,BUG,BUG
LUCENE-2512,BUG,BUG
LUCENE-3239,CLEANUP,TASK
LUCENE-3254,BUG,BUG
LUCENE-1718,BUG,BUG
LUCENE-900,BUILD_SYSTEM,TEST
LUCENE-1602,RFE,RFE
LUCENE-1484,IMPROVEMENT,IMPROVEMENT
LUCENE-2277,BUG,BUG
LUCENE-3045,BUG,BUG
LUCENE-1744,BUG,BUG
LUCENE-1539,IMPROVEMENT,IMPROVEMENT
LUCENE-536,BUG,BUG
LUCENE-1124,IMPROVEMENT,IMPROVEMENT
LUCENE-2109,REFACTORING,IMPROVEMENT
LUCENE-2353,BUG,BUG
LUCENE-430,IMPROVEMENT,IMPROVEMENT
LUCENE-1548,BUG,BUG
LUCENE-1125,IMPROVEMENT,BUG
LUCENE-608,DOCUMENTATION,IMPROVEMENT
LUCENE-1810,RFE,
LUCENE-1451,BUG,BUG
LUCENE-3218,RFE,IMPROVEMENT
LUCENE-2699,RFE,IMPROVEMENT
LUCENE-2782,BUG,BUG
LUCENE-1472,IMPROVEMENT,IMPROVEMENT
LUCENE-2579,DOCUMENTATION,BUG
LUCENE-239,REFACTORING,BUG
LUCENE-3374,REFACTORING,TASK
LUCENE-2588,IMPROVEMENT,IMPROVEMENT
LUCENE-1145,IMPROVEMENT,IMPROVEMENT
LUCENE-1665,CLEANUP,IMPROVEMENT
LUCENE-2737,DESIGN_DEFECT,BUG
LUCENE-2936,BUG,BUG
LUCENE-1354,RFE,RFE
LUCENE-2384,IMPROVEMENT,
LUCENE-237,IMPROVEMENT,BUG
LUCENE-400,RFE,IMPROVEMENT
LUCENE-2170,TEST,BUG
LUCENE-2332,RFE,RFE
LUCENE-788,BUG,BUG
LUCENE-1497,REFACTORING,IMPROVEMENT
LUCENE-3272,REFACTORING,IMPROVEMENT
LUCENE-1341,RFE,IMPROVEMENT
LUCENE-1867,BUILD_SYSTEM,TASK
LUCENE-795,DOCUMENTATION,BUG
LUCENE-1752,BUG,BUG
LUCENE-203,BUG,BUG
LUCENE-381,RFE,BUG
LUCENE-1567,RFE,RFE
LUCENE-2037,TEST,IMPROVEMENT
LUCENE-2374,RFE,IMPROVEMENT
LUCENE-3470,REFACTORING,TASK
LUCENE-2701,REFACTORING,IMPROVEMENT
LUCENE-2048,RFE,IMPROVEMENT
LUCENE-1329,IMPROVEMENT,IMPROVEMENT
LUCENE-1693,IMPROVEMENT,IMPROVEMENT
LUCENE-468,DOCUMENTATION,IMPROVEMENT
LUCENE-3820,IMPROVEMENT,BUG
LUCENE-2860,BUG,BUG
LUCENE-2777,REFACTORING,TASK
LUCENE-229,IMPROVEMENT,IMPROVEMENT
LUCENE-651,IMPROVEMENT,IMPROVEMENT
LUCENE-1624,BUG,IMPROVEMENT
LUCENE-2417,IMPROVEMENT,BUG
LUCENE-2759,BUG,BUG
LUCENE-3897,BUG,BUG
LUCENE-2647,REFACTORING,IMPROVEMENT
LUCENE-232,BUG,BUG
LUCENE-1658,REFACTORING,IMPROVEMENT
LUCENE-2554,TEST,TEST
LUCENE-1453,BUG,BUG
LUCENE-1923,RFE,
LUCENE-3712,CLEANUP,TASK
LUCENE-2303,CLEANUP,
LUCENE-1312,BUG,BUG
LUCENE-964,CLEANUP,IMPROVEMENT
LUCENE-2166,BUG,BUG
LUCENE-2637,BUG,BUG
LUCENE-1425,RFE,RFE
LUCENE-452,DESIGN_DEFECT,IMPROVEMENT
LUCENE-3357,TEST,
LUCENE-1569,BUG,BUG
LUCENE-247,IMPROVEMENT,IMPROVEMENT
LUCENE-1817,DOCUMENTATION,BUG
LUCENE-3721,BUG,BUG
LUCENE-1723,BUG,BUG
LUCENE-1625,RFE,BUG
LUCENE-2813,BUG,BUG
LUCENE-2787,IMPROVEMENT,IMPROVEMENT
LUCENE-3476,BUG,BUG
LUCENE-2884,BUG,BUG
LUCENE-1257,OTHER,IMPROVEMENT
LUCENE-2068,BUG,BUG
LUCENE-2747,CLEANUP,IMPROVEMENT
LUCENE-2933,IMPROVEMENT,IMPROVEMENT
LUCENE-3680,CLEANUP,TASK
LUCENE-3728,IMPROVEMENT,IMPROVEMENT
LUCENE-3682,CLEANUP,TASK
LUCENE-250,DOCUMENTATION,IMPROVEMENT
LUCENE-845,BUG,BUG
LUCENE-3596,RFE,IMPROVEMENT
LUCENE-947,IMPROVEMENT,IMPROVEMENT
LUCENE-750,IMPROVEMENT,IMPROVEMENT
LUCENE-3417,BUG,BUG
LUCENE-587,BUG,BUG
LUCENE-3432,BUG,BUG
LUCENE-1117,BUG,BUG
LUCENE-2734,RFE,IMPROVEMENT
LUCENE-3458,RFE,TASK
LUCENE-1113,DOCUMENTATION,BUG
LUCENE-796,DESIGN_DEFECT,IMPROVEMENT
LUCENE-594,DOCUMENTATION,IMPROVEMENT
LUCENE-2265,IMPROVEMENT,IMPROVEMENT
LUCENE-1180,BUG,BUG
LUCENE-3368,BUG,BUG
LUCENE-880,BUG,BUG
LUCENE-393,BUG,BUG
LUCENE-550,RFE,RFE
LUCENE-1953,BUG,BUG
LUCENE-1176,BUG,BUG
LUCENE-3508,BUG,BUG
LUCENE-1592,DOCUMENTATION,IMPROVEMENT
LUCENE-1529,BUILD_SYSTEM,RFE
LUCENE-2247,IMPROVEMENT,IMPROVEMENT
LUCENE-1653,IMPROVEMENT,IMPROVEMENT
LUCENE-370,BUG,BUG
LUCENE-679,DOCUMENTATION,BUG
LUCENE-1547,BUG,BUG
LUCENE-510,IMPROVEMENT,IMPROVEMENT
LUCENE-739,IMPROVEMENT,IMPROVEMENT
LUCENE-2115,RFE,IMPROVEMENT
LUCENE-601,RFE,IMPROVEMENT
LUCENE-1970,CLEANUP,TASK
LUCENE-2793,RFE,IMPROVEMENT
LUCENE-379,IMPROVEMENT,IMPROVEMENT
LUCENE-1848,DOCUMENTATION,IMPROVEMENT
LUCENE-1461,RFE,RFE
LUCENE-2609,BUILD_SYSTEM,IMPROVEMENT
LUCENE-1837,IMPROVEMENT,BUG
LUCENE-2778,RFE,IMPROVEMENT
LUCENE-3394,BUG,BUG
LUCENE-1701,RFE,RFE
LUCENE-2648,RFE,IMPROVEMENT
LUCENE-3174,RFE,
LUCENE-3215,BUG,BUG
LUCENE-3521,BUG,IMPROVEMENT
LUCENE-952,TEST,BUG
LUCENE-3703,BUG,BUG
LUCENE-1283,REFACTORING,IMPROVEMENT
LUCENE-3790,BUG,BUG
LUCENE-3730,IMPROVEMENT,IMPROVEMENT
LUCENE-3506,TEST,BUG
LUCENE-3436,RFE,IMPROVEMENT
LUCENE-3719,BUG,BUG
LUCENE-2663,IMPROVEMENT,BUG
LUCENE-2043,IMPROVEMENT,IMPROVEMENT
LUCENE-1483,RFE,IMPROVEMENT
LUCENE-1126,IMPROVEMENT,IMPROVEMENT
LUCENE-3142,CLEANUP,BUG
LUCENE-1656,IMPROVEMENT,IMPROVEMENT
LUCENE-3541,BUG,BUG
LUCENE-1260,RFE,IMPROVEMENT
LUCENE-1500,BUG,BUG
LUCENE-2370,RFE,TASK
LUCENE-1118,IMPROVEMENT,IMPROVEMENT
LUCENE-489,RFE,
LUCENE-380,RFE,BUG
LUCENE-513,CLEANUP,IMPROVEMENT
LUCENE-2784,REFACTORING,IMPROVEMENT
LUCENE-3679,REFACTORING,IMPROVEMENT
LUCENE-786,DOCUMENTATION,IMPROVEMENT
LUCENE-1165,DOCUMENTATION,IMPROVEMENT
LUCENE-1349,DOCUMENTATION,BUG
LUCENE-821,IMPROVEMENT,BUG
LUCENE-3393,REFACTORING,
LUCENE-2532,TEST,IMPROVEMENT
LUCENE-2830,IMPROVEMENT,IMPROVEMENT
LUCENE-3711,BUG,BUG
LUCENE-1704,RFE,IMPROVEMENT
LUCENE-2491,RFE,IMPROVEMENT
LUCENE-2297,RFE,IMPROVEMENT
LUCENE-2401,IMPROVEMENT,IMPROVEMENT
LUCENE-1819,BUG,BUG
LUCENE-3083,BUG,BUG
LUCENE-3430,BUG,BUG
LUCENE-2733,CLEANUP,TASK
LUCENE-1860,IMPROVEMENT,IMPROVEMENT
LUCENE-1754,CLEANUP,IMPROVEMENT
LUCENE-1084,IMPROVEMENT,IMPROVEMENT
LUCENE-1640,BUG,BUG
LUCENE-545,RFE,RFE
LUCENE-317,BUG,IMPROVEMENT
LUCENE-1506,RFE,IMPROVEMENT
LUCENE-1160,IMPROVEMENT,IMPROVEMENT
LUCENE-2908,CLEANUP,TASK
LUCENE-768,BUG,BUG
LUCENE-249,DOCUMENTATION,BUG
LUCENE-289,OTHER,BUG
LUCENE-898,BUILD_SYSTEM,BUG
LUCENE-1152,BUG,BUG
LUCENE-532,RFE,IMPROVEMENT
LUCENE-1073,TEST,IMPROVEMENT
LUCENE-3351,BUG,BUG
LUCENE-3484,BUG,BUG
LUCENE-3661,IMPROVEMENT,TASK
LUCENE-1634,IMPROVEMENT,IMPROVEMENT
LUCENE-2715,IMPROVEMENT,IMPROVEMENT
LUCENE-2711,IMPROVEMENT,IMPROVEMENT
LUCENE-3881,RFE,RFE
LUCENE-3738,BUG,BUG
LUCENE-3139,TEST,TEST
LUCENE-2960,RFE,IMPROVEMENT
LUCENE-3698,BUG,BUG
LUCENE-2194,IMPROVEMENT,IMPROVEMENT
LUCENE-1662,REFACTORING,IMPROVEMENT
LUCENE-3175,TEST,TEST
LUCENE-2638,DESIGN_DEFECT,IMPROVEMENT
LUCENE-2226,REFACTORING,TASK
LUCENE-3656,IMPROVEMENT,BUG
LUCENE-495,BUG,IMPROVEMENT
LUCENE-1490,BUG,BUG
LUCENE-352,BUG,BUG
LUCENE-2188,RFE,RFE
LUCENE-1127,RFE,IMPROVEMENT
LUCENE-1210,BUG,BUG
LUCENE-1835,REFACTORING,TASK
LUCENE-2273,IMPROVEMENT,BUG
LUCENE-2014,BUG,BUG
LUCENE-2385,REFACTORING,IMPROVEMENT
LUCENE-906,RFE,RFE
LUCENE-1660,IMPROVEMENT,IMPROVEMENT
LUCENE-2500,RFE,IMPROVEMENT
LUCENE-3895,TEST,BUG
LUCENE-930,BUILD_SYSTEM,BUG
LUCENE-3035,BUG,BUG
LUCENE-3713,BUG,BUG
LUCENE-1230,BUILD_SYSTEM,BUG
LUCENE-1022,CLEANUP,BUG
LUCENE-3533,CLEANUP,TASK
LUCENE-3403,BUG,BUG
LUCENE-2580,BUG,BUG
LUCENE-1183,IMPROVEMENT,IMPROVEMENT
LUCENE-937,IMPROVEMENT,IMPROVEMENT
LUCENE-3072,BUG,BUG
LUCENE-502,IMPROVEMENT,IMPROVEMENT
LUCENE-1792,BUG,BUG
LUCENE-1954,BUG,BUG
LUCENE-1430,BUG,BUG
LUCENE-2027,CLEANUP,IMPROVEMENT
LUCENE-1150,DESIGN_DEFECT,BUG
LUCENE-1986,BUG,BUG
LUCENE-738,IMPROVEMENT,IMPROVEMENT
LUCENE-1645,BUG,BUG
LUCENE-455,BUG,BUG
LUCENE-2392,RFE,IMPROVEMENT
LUCENE-1445,BUILD_SYSTEM,BUG
LUCENE-2339,RFE,IMPROVEMENT
LUCENE-2603,RFE,IMPROVEMENT
LUCENE-763,BUG,BUG
LUCENE-3795,RFE,RFE
LUCENE-2387,BUG,BUG
LUCENE-908,BUILD_SYSTEM,BUG
LUCENE-1520,BUG,BUG
LUCENE-1104,OTHER,TASK
LUCENE-701,RFE,IMPROVEMENT
LUCENE-2364,RFE,IMPROVEMENT
LUCENE-723,RFE,RFE
LUCENE-992,BUG,BUG
LUCENE-236,DOCUMENTATION,BUG
LUCENE-2865,RFE,IMPROVEMENT
LUCENE-2888,BUG,BUG
LUCENE-1089,RFE,IMPROVEMENT
LUCENE-3286,REFACTORING,
LUCENE-830,IMPROVEMENT,BUG
LUCENE-1941,BUG,BUG
LUCENE-3741,TEST,BUG
LUCENE-1778,RFE,IMPROVEMENT
LUCENE-1945,REFACTORING,IMPROVEMENT
LUCENE-3816,BUG,BUG
LUCENE-966,IMPROVEMENT,IMPROVEMENT
LUCENE-3818,TEST,BUG
LUCENE-1359,BUG,BUG
LUCENE-3501,RFE,BUG
LUCENE-2815,RFE,BUG
LUCENE-1470,RFE,RFE
LUCENE-3188,BUG,BUG
LUCENE-1633,CLEANUP,BUG
LUCENE-1480,IMPROVEMENT,IMPROVEMENT
LUCENE-1886,DOCUMENTATION,IMPROVEMENT
LUCENE-1707,IMPROVEMENT,IMPROVEMENT
LUCENE-3344,RFE,BUG
LUCENE-3848,BUG,BUG
LUCENE-2497,BUG,BUG
LUCENE-3330,RFE,IMPROVEMENT
LUCENE-2065,RFE,IMPROVEMENT
LUCENE-3285,REFACTORING,
LUCENE-1478,RFE,IMPROVEMENT
LUCENE-1737,IMPROVEMENT,IMPROVEMENT
LUCENE-3408,IMPROVEMENT,IMPROVEMENT
LUCENE-301,REFACTORING,IMPROVEMENT
LUCENE-745,IMPROVEMENT,IMPROVEMENT
LUCENE-309,BUG,BUG
LUCENE-3529,BUG,BUG
LUCENE-1968,CLEANUP,TASK
LUCENE-2208,BUG,BUG
LUCENE-1803,DOCUMENTATION,BUG
LUCENE-1629,RFE,IMPROVEMENT
LUCENE-620,TEST,BUG
LUCENE-2928,DOCUMENTATION,IMPROVEMENT
LUCENE-1998,RFE,IMPROVEMENT
LUCENE-2597,REFACTORING,IMPROVEMENT
LUCENE-1807,RFE,IMPROVEMENT
LUCENE-1950,CLEANUP,IMPROVEMENT
LUCENE-377,BUILD_SYSTEM,BUG
LUCENE-3033,BUG,BUG
LUCENE-3637,IMPROVEMENT,IMPROVEMENT
LUCENE-3219,REFACTORING,IMPROVEMENT
LUCENE-2676,TEST,TEST
LUCENE-3284,REFACTORING,
LUCENE-1402,BACKPORT,BUG
LUCENE-708,DOCUMENTATION,IMPROVEMENT
LUCENE-2721,TEST,TEST
LUCENE-2768,TEST,IMPROVEMENT
LUCENE-1924,RFE,IMPROVEMENT
LUCENE-1115,IMPROVEMENT,BUG
LUCENE-615,DOCUMENTATION,IMPROVEMENT
LUCENE-1824,IMPROVEMENT,IMPROVEMENT
LUCENE-1366,REFACTORING,IMPROVEMENT
LUCENE-2996,BUG,BUG
LUCENE-2464,RFE,IMPROVEMENT
LUCENE-2074,RFE,BUG
LUCENE-1508,RFE,IMPROVEMENT
LUCENE-1568,BUG,BUG
LUCENE-2687,IMPROVEMENT,IMPROVEMENT
LUCENE-217,RFE,IMPROVEMENT
LUCENE-1681,BUG,BUG
LUCENE-2560,TEST,TEST
LUCENE-3279,RFE,IMPROVEMENT
LUCENE-1407,REFACTORING,IMPROVEMENT
LUCENE-1687,REFACTORING,IMPROVEMENT
LUCENE-1421,RFE,RFE
LUCENE-957,BUG,BUG
LUCENE-1590,IMPROVEMENT,BUG
LUCENE-2656,TEST,TEST
LUCENE-1780,DOCUMENTATION,IMPROVEMENT
LUCENE-1586,RFE,IMPROVEMENT
LUCENE-1285,BUG,BUG
LUCENE-440,DESIGN_DEFECT,BUG
LUCENE-1688,REFACTORING,IMPROVEMENT
LUCENE-1730,BUG,BUG
LUCENE-2344,BUG,BUG
LUCENE-1759,RFE,TASK
LUCENE-955,BUG,BUG
LUCENE-2995,REFACTORING,TASK
LUCENE-1725,BUG,BUG
LUCENE-1250,BUG,BUG
LUCENE-2559,RFE,IMPROVEMENT
LUCENE-621,DESIGN_DEFECT,BUG
LUCENE-690,BUG,BUG
LUCENE-1579,IMPROVEMENT,BUG
LUCENE-1422,RFE,RFE
LUCENE-2754,RFE,RFE
LUCENE-1356,RFE,IMPROVEMENT
LUCENE-1255,BUG,BUG
LUCENE-806,IMPROVEMENT,IMPROVEMENT
LUCENE-433,OTHER,BUG
LUCENE-3065,IMPROVEMENT,IMPROVEMENT
LUCENE-1295,REFACTORING,IMPROVEMENT
LUCENE-2994,TEST,TASK
LUCENE-346,IMPROVEMENT,BUG
LUCENE-654,DOCUMENTATION,
LUCENE-329,BUG,BUG
LUCENE-3404,BUG,BUG
LUCENE-3234,RFE,IMPROVEMENT
LUCENE-1322,IMPROVEMENT,IMPROVEMENT
LUCENE-238,CLEANUP,BUG
LUCENE-515,BUG,BUG
LUCENE-2537,BUG,BUG
LUCENE-1832,BUG,BUG
LUCENE-1303,BUG,BUG
LUCENE-212,BUG,BUG
LUCENE-3492,TEST,IMPROVEMENT
LUCENE-1845,BUILD_SYSTEM,IMPROVEMENT
LUCENE-877,DOCUMENTATION,BUG
LUCENE-1002,BUILD_SYSTEM,BUG
LUCENE-1019,RFE,IMPROVEMENT
LUCENE-493,DOCUMENTATION,BUG
LUCENE-3574,RFE,RFE
LUCENE-1546,RFE,IMPROVEMENT
LUCENE-2419,TEST,IMPROVEMENT
LUCENE-2282,DESIGN_DEFECT,IMPROVEMENT
LUCENE-832,BUG,BUG
LUCENE-546,BUG,BUG
LUCENE-1882,REFACTORING,BUG
LUCENE-1775,REFACTORING,TASK
LUCENE-1243,RFE,IMPROVEMENT
LUCENE-2080,DOCUMENTATION,TASK
LUCENE-646,DOCUMENTATION,IMPROVEMENT
LUCENE-1323,BUG,BUG
LUCENE-2809,BUG,BUG
LUCENE-2911,REFACTORING,
LUCENE-1544,BUG,BUG
LUCENE-1673,RFE,RFE
LUCENE-3390,BUG,BUG
LUCENE-2079,IMPROVEMENT,IMPROVEMENT
LUCENE-2943,BUG,BUG
LUCENE-3260,BUG,BUG
LUCENE-2633,RFE,BUG
LUCENE-1531,IMPROVEMENT,IMPROVEMENT
LUCENE-1123,BUILD_SYSTEM,TASK
LUCENE-1219,RFE,IMPROVEMENT
LUCENE-2814,REFACTORING,IMPROVEMENT
LUCENE-2767,BUG,BUG
LUCENE-811,DESIGN_DEFECT,BUG
LUCENE-2251,TEST,
LUCENE-3734,DESIGN_DEFECT,
LUCENE-3507,IMPROVEMENT,IMPROVEMENT
LUCENE-3419,TEST,IMPROVEMENT
LUCENE-1749,RFE,IMPROVEMENT
LUCENE-3062,BUG,BUG
LUCENE-2524,BUG,BUG
LUCENE-3879,BUG,BUG
LUCENE-2108,BUG,BUG
LUCENE-1804,RFE,BUG
LUCENE-881,BUG,BUG
LUCENE-1627,DESIGN_DEFECT,BUG
LUCENE-398,BUG,BUG
LUCENE-1901,BUG,BUG
LUCENE-3087,BUG,BUG
LUCENE-1755,BUG,BUG
LUCENE-976,BUG,BUG
LUCENE-1833,REFACTORING,IMPROVEMENT
LUCENE-3548,BUG,BUG
LUCENE-807,DOCUMENTATION,IMPROVEMENT
LUCENE-849,IMPROVEMENT,IMPROVEMENT
LUCENE-1929,BUG,BUG
LUCENE-1666,BUG,BUG
LUCENE-693,IMPROVEMENT,BUG
LUCENE-861,BUG,BUG
LUCENE-2516,TEST,TEST
LUCENE-3084,IMPROVEMENT,IMPROVEMENT
LUCENE-490,BUILD_SYSTEM,BUG
LUCENE-3860,BUG,BUG
LUCENE-1198,BUG,BUG
LUCENE-1050,BUG,BUG
LUCENE-2213,IMPROVEMENT,IMPROVEMENT
LUCENE-3171,RFE,IMPROVEMENT
LUCENE-1618,RFE,IMPROVEMENT
LUCENE-755,RFE,RFE
LUCENE-1419,RFE,RFE
LUCENE-1591,RFE,IMPROVEMENT
LUCENE-1753,DESIGN_DEFECT,TASK
LUCENE-780,RFE,IMPROVEMENT
LUCENE-3293,RFE,TASK
LUCENE-1321,BUG,BUG
LUCENE-1006,BUG,BUG
LUCENE-3376,REFACTORING,IMPROVEMENT
LUCENE-2645,BUG,BUG
LUCENE-709,RFE,IMPROVEMENT
LUCENE-3064,TEST,TEST
LUCENE-1459,BUG,BUG
LUCENE-1932,REFACTORING,TASK
LUCENE-1326,BUG,BUG
LUCENE-504,BUG,BUG
LUCENE-1829,BUILD_SYSTEM,IMPROVEMENT
LUCENE-401,BUILD_SYSTEM,BUG
LUCENE-2589,RFE,IMPROVEMENT
LUCENE-3264,TEST,TEST
LUCENE-2615,BUG,BUG
LUCENE-3135,BACKPORT,RFE
LUCENE-202,DOCUMENTATION,BUG
LUCENE-3621,IMPROVEMENT,IMPROVEMENT
LUCENE-3342,IMPROVEMENT,IMPROVEMENT
LUCENE-1136,RFE,IMPROVEMENT
LUCENE-3426,IMPROVEMENT,IMPROVEMENT
LUCENE-2126,REFACTORING,IMPROVEMENT
LUCENE-3642,BUG,BUG
LUCENE-2241,RFE,TASK
LUCENE-3908,TEST,BUG
LUCENE-1163,BUG,BUG
LUCENE-3216,IMPROVEMENT,IMPROVEMENT
LUCENE-1885,BUG,BUG
LUCENE-759,RFE,IMPROVEMENT
LUCENE-2847,RFE,BUG
LUCENE-710,RFE,IMPROVEMENT
LUCENE-541,RFE,BUG
LUCENE-1552,BUG,BUG
LUCENE-1769,BUILD_SYSTEM,BUG
LUCENE-2578,TEST,IMPROVEMENT
LUCENE-1238,TEST,BUG
LUCENE-589,IMPROVEMENT,IMPROVEMENT
LUCENE-2236,RFE,IMPROVEMENT
LUCENE-2147,IMPROVEMENT,IMPROVEMENT
LUCENE-2391,IMPROVEMENT,IMPROVEMENT
LUCENE-2937,BUG,BUG
LUCENE-3563,BUG,BUG
LUCENE-2158,BUG,BUG
LUCENE-341,BUG,BUG
LUCENE-2586,REFACTORING,IMPROVEMENT
LUCENE-2199,BUG,BUG
LUCENE-683,BUG,BUG
LUCENE-1967,IMPROVEMENT,IMPROVEMENT
LUCENE-730,IMPROVEMENT,IMPROVEMENT
LUCENE-1503,REFACTORING,IMPROVEMENT
LUCENE-2922,IMPROVEMENT,IMPROVEMENT
LUCENE-1781,BUG,BUG
LUCENE-913,BUG,BUG
LUCENE-1040,IMPROVEMENT,BUG
LUCENE-3220,RFE,
LUCENE-1204,TEST,BUG
LUCENE-3338,RFE,BUG
LUCENE-225,BUG,BUG
LUCENE-3576,BACKPORT,TASK
LUCENE-1928,DOCUMENTATION,BUG
LUCENE-2075,IMPROVEMENT,IMPROVEMENT
LUCENE-3794,BUG,BUG
LUCENE-2626,IMPROVEMENT,IMPROVEMENT
LUCENE-1937,RFE,IMPROVEMENT
LUCENE-3465,BUG,BUG
LUCENE-3725,RFE,IMPROVEMENT
LUCENE-3697,BUG,BUG
LUCENE-514,RFE,IMPROVEMENT
LUCENE-2756,BUG,BUG
LUCENE-2902,TEST,TEST
LUCENE-1839,IMPROVEMENT,IMPROVEMENT
LUCENE-2555,CLEANUP,IMPROVEMENT
LUCENE-978,BUG,BUG
LUCENE-2343,RFE,IMPROVEMENT
LUCENE-840,TEST,TEST
LUCENE-3093,CLEANUP,BUG
LUCENE-598,RFE,RFE
LUCENE-243,RFE,IMPROVEMENT
LUCENE-2642,TEST,TEST
LUCENE-2716,IMPROVEMENT,IMPROVEMENT
LUCENE-285,IMPROVEMENT,IMPROVEMENT
LUCENE-2696,TEST,BUG
LUCENE-1311,RFE,RFE
LUCENE-1977,CLEANUP,TASK
LUCENE-3595,RFE,TASK
LUCENE-3040,IMPROVEMENT,IMPROVEMENT
LUCENE-335,TEST,BUG
LUCENE-1540,IMPROVEMENT,IMPROVEMENT
LUCENE-3121,IMPROVEMENT,IMPROVEMENT
LUCENE-756,IMPROVEMENT,IMPROVEMENT
LUCENE-761,IMPROVEMENT,IMPROVEMENT
LUCENE-222,DOCUMENTATION,IMPROVEMENT
LUCENE-2195,IMPROVEMENT,IMPROVEMENT
LUCENE-1097,IMPROVEMENT,BUG
LUCENE-3609,BUG,BUG
LUCENE-411,IMPROVEMENT,IMPROVEMENT
LUCENE-3577,REFACTORING,TASK
LUCENE-2883,REFACTORING,TASK
LUCENE-3527,RFE,IMPROVEMENT
LUCENE-2705,TEST,BUG
LUCENE-2050,RFE,IMPROVEMENT
LUCENE-981,RFE,RFE
LUCENE-2010,IMPROVEMENT,IMPROVEMENT
LUCENE-2658,BUG,BUG
LUCENE-2272,RFE,BUG
LUCENE-2573,IMPROVEMENT,IMPROVEMENT
LUCENE-2309,REFACTORING,IMPROVEMENT
LUCENE-2060,IMPROVEMENT,IMPROVEMENT
LUCENE-1607,IMPROVEMENT,IMPROVEMENT
LUCENE-2568,BUG,BUG
LUCENE-2703,BUG,BUG
LUCENE-3863,REFACTORING,IMPROVEMENT
LUCENE-2682,TEST,IMPROVEMENT
LUCENE-3841,BUG,BUG
LUCENE-3361,RFE,BUG
LUCENE-3117,REFACTORING,TASK
LUCENE-3197,BUG,BUG
LUCENE-1898,DOCUMENTATION,IMPROVEMENT
LUCENE-478,BUG,BUG
LUCENE-698,BUG,BUG
LUCENE-871,IMPROVEMENT,BUG
LUCENE-2302,IMPROVEMENT,IMPROVEMENT
LUCENE-3334,RFE,IMPROVEMENT
LUCENE-2693,BUG,BUG
LUCENE-1899,IMPROVEMENT,BUG
LUCENE-3094,IMPROVEMENT,IMPROVEMENT
LUCENE-1005,BUG,BUG
LUCENE-1296,RFE,RFE
LUCENE-2985,IMPROVEMENT,IMPROVEMENT
LUCENE-2459,BUG,BUG
LUCENE-3744,RFE,IMPROVEMENT
LUCENE-276,BUG,BUG
LUCENE-2393,RFE,RFE
LUCENE-2319,DOCUMENTATION,IMPROVEMENT
LUCENE-316,DOCUMENTATION,BUG
LUCENE-1502,BUG,BUG
LUCENE-2704,TEST,BUG
LUCENE-2842,RFE,RFE
LUCENE-2621,RFE,IMPROVEMENT
LUCENE-1102,IMPROVEMENT,IMPROVEMENT
LUCENE-3789,DESIGN_DEFECT,IMPROVEMENT
LUCENE-2310,CLEANUP,
LUCENE-2758,BUG,BUG
LUCENE-3815,CLEANUP,BUG
LUCENE-3612,DESIGN_DEFECT,TASK
LUCENE-960,RFE,IMPROVEMENT
LUCENE-2978,IMPROVEMENT,BUG
LUCENE-1153,BUILD_SYSTEM,BUG
LUCENE-3397,TEST,
LUCENE-2119,BUG,BUG
LUCENE-1776,RFE,BUG
LUCENE-2805,IMPROVEMENT,BUG
LUCENE-657,DESIGN_DEFECT,IMPROVEMENT
LUCENE-744,TEST,BUG
LUCENE-2235,RFE,BUG
LUCENE-1003,BUG,BUG
LUCENE-3112,RFE,IMPROVEMENT
LUCENE-2053,DESIGN_DEFECT,IMPROVEMENT
LUCENE-3455,IMPROVEMENT,
LUCENE-1334,RFE,IMPROVEMENT
LUCENE-1676,RFE,RFE
LUCENE-905,BUILD_SYSTEM,BUG
LUCENE-3473,IMPROVEMENT,IMPROVEMENT
LUCENE-2260,BUILD_SYSTEM,BUG
LUCENE-2629,BUG,BUG
LUCENE-2156,IMPROVEMENT,IMPROVEMENT
LUCENE-3558,REFACTORING,IMPROVEMENT
LUCENE-275,RFE,BUG
LUCENE-3179,RFE,IMPROVEMENT
LUCENE-3553,IMPROVEMENT,IMPROVEMENT
LUCENE-785,DESIGN_DEFECT,BUG
LUCENE-1939,BUG,BUG
LUCENE-829,BUG,BUG
LUCENE-1175,BUG,BUG
LUCENE-1411,RFE,IMPROVEMENT
LUCENE-3292,IMPROVEMENT,TASK
LUCENE-2360,IMPROVEMENT,IMPROVEMENT
LUCENE-3526,BUG,BUG
LUCENE-3857,TEST,TASK
LUCENE-3540,CLEANUP,BUG
LUCENE-2386,IMPROVEMENT,BUG
LUCENE-2333,BUILD_SYSTEM,BUG
LUCENE-583,BUG,BUG
LUCENE-1706,RFE,RFE
LUCENE-1318,BUG,BUG
LUCENE-3407,BUG,BUG
LUCENE-2479,RFE,IMPROVEMENT
LUCENE-1891,IMPROVEMENT,IMPROVEMENT
LUCENE-1184,RFE,IMPROVEMENT
LUCENE-3391,REFACTORING,
LUCENE-3705,BUG,BUG
LUCENE-3693,TEST,TEST
LUCENE-1847,DESIGN_DEFECT,BUG
LUCENE-2831,RFE,IMPROVEMENT
LUCENE-1892,OTHER,BUG
LUCENE-436,BUG,IMPROVEMENT
LUCENE-2215,RFE,RFE
LUCENE-209,BUILD_SYSTEM,BUG
LUCENE-2220,BUG,BUG
LUCENE-1865,DOCUMENTATION,TASK
LUCENE-1018,BUG,BUG
LUCENE-2672,IMPROVEMENT,IMPROVEMENT
LUCENE-2116,RFE,RFE
LUCENE-659,BUG,BUG
LUCENE-630,DOCUMENTATION,BUG
LUCENE-1456,BUG,BUG
LUCENE-2550,TEST,BUG
LUCENE-3191,RFE,IMPROVEMENT
LUCENE-1493,RFE,IMPROVEMENT
LUCENE-460,IMPROVEMENT,IMPROVEMENT
LUCENE-1182,DESIGN_DEFECT,BUG
LUCENE-1080,OTHER,IMPROVEMENT
LUCENE-926,DOCUMENTATION,
LUCENE-578,RFE,RFE
LUCENE-1157,DOCUMENTATION,IMPROVEMENT
LUCENE-242,IMPROVEMENT,BUG
LUCENE-3052,BUG,BUG
LUCENE-944,CLEANUP,IMPROVEMENT
LUCENE-1870,BUILD_SYSTEM,BUG
LUCENE-3627,BUG,BUG
LUCENE-1009,IMPROVEMENT,BUG
LUCENE-1766,DOCUMENTATION,IMPROVEMENT
LUCENE-1948,DOCUMENTATION,TASK
LUCENE-1094,BUG,BUG
LUCENE-2964,RFE,IMPROVEMENT
LUCENE-1301,REFACTORING,IMPROVEMENT
LUCENE-1641,DOCUMENTATION,IMPROVEMENT
LUCENE-3126,RFE,IMPROVEMENT
LUCENE-2322,TEST,
LUCENE-2185,DOCUMENTATION,TASK
LUCENE-2412,DOCUMENTATION,TASK
LUCENE-1138,BUG,BUG
LUCENE-2616,BUG,BUG
LUCENE-2161,IMPROVEMENT,IMPROVEMENT
LUCENE-2493,BUILD_SYSTEM,TASK
LUCENE-413,BUG,BUG
LUCENE-3189,BUG,BUG
LUCENE-2128,IMPROVEMENT,IMPROVEMENT
LUCENE-3232,REFACTORING,
LUCENE-3685,RFE,IMPROVEMENT
LUCENE-825,BUG,BUG
LUCENE-2743,IMPROVEMENT,IMPROVEMENT
LUCENE-3566,BUG,IMPROVEMENT
LUCENE-3030,IMPROVEMENT,IMPROVEMENT
LUCENE-3622,REFACTORING,TASK
LUCENE-2708,TEST,TEST
LUCENE-716,RFE,IMPROVEMENT
LUCENE-290,DESIGN_DEFECT,BUG
LUCENE-645,BUG,BUG
LUCENE-449,IMPROVEMENT,IMPROVEMENT
LUCENE-818,SPEC,BUG
LUCENE-2744,BUG,BUG
LUCENE-3454,REFACTORING,IMPROVEMENT
LUCENE-2582,RFE,IMPROVEMENT
LUCENE-1989,DESIGN_DEFECT,BUG
LUCENE-2489,REFACTORING,IMPROVEMENT
LUCENE-2639,TEST,TEST
LUCENE-3301,BUG,BUG
LUCENE-3598,IMPROVEMENT,IMPROVEMENT
LUCENE-2494,IMPROVEMENT,IMPROVEMENT
LUCENE-481,BUG,BUG
LUCENE-2440,RFE,IMPROVEMENT
LUCENE-3811,CLEANUP,BUG
LUCENE-2416,IMPROVEMENT,IMPROVEMENT
LUCENE-3894,IMPROVEMENT,IMPROVEMENT
LUCENE-1709,TEST,IMPROVEMENT
LUCENE-367,OTHER,BUG
LUCENE-2402,RFE,IMPROVEMENT
LUCENE-1862,DOCUMENTATION,BUG
LUCENE-3681,IMPROVEMENT,IMPROVEMENT
LUCENE-706,DOCUMENTATION,IMPROVEMENT
LUCENE-2611,BUILD_SYSTEM,RFE
LUCENE-1995,BUG,BUG
LUCENE-3913,BUG,BUG
LUCENE-3328,RFE,IMPROVEMENT
LUCENE-1739,BUG,BUG
LUCENE-2004,BUG,BUG
LUCENE-2773,IMPROVEMENT,IMPROVEMENT
LUCENE-1851,BUILD_SYSTEM,IMPROVEMENT
LUCENE-2198,RFE,IMPROVEMENT
LUCENE-572,BUG,BUG
LUCENE-1808,RFE,IMPROVEMENT
LUCENE-516,TEST,BUG
LUCENE-3631,RFE,TASK
LUCENE-1412,BUG,BUG
LUCENE-669,BUG,BUG
LUCENE-2415,DESIGN_DEFECT,IMPROVEMENT
LUCENE-3027,BUG,BUG
LUCENE-563,DOCUMENTATION,IMPROVEMENT
LUCENE-3580,DESIGN_DEFECT,BUG
LUCENE-2245,CLEANUP,TASK
LUCENE-1838,DESIGN_DEFECT,BUG
LUCENE-2090,IMPROVEMENT,IMPROVEMENT
LUCENE-415,BUG,BUG
LUCENE-3583,TEST,BUG
LUCENE-2631,BUG,BUG
LUCENE-1794,RFE,IMPROVEMENT
LUCENE-2816,IMPROVEMENT,IMPROVEMENT
LUCENE-3765,RFE,BUG
LUCENE-1234,DESIGN_DEFECT,BUG
LUCENE-1236,DOCUMENTATION,IMPROVEMENT
LUCENE-3453,CLEANUP,BUG
LUCENE-2051,REFACTORING,IMPROVEMENT
LUCENE-948,BUG,BUG
LUCENE-1554,BUG,BUG
LUCENE-2662,REFACTORING,IMPROVEMENT
LUCENE-1379,BUG,BUG
LUCENE-2885,IMPROVEMENT,IMPROVEMENT
LUCENE-349,DOCUMENTATION,BUG
LUCENE-340,RFE,IMPROVEMENT
LUCENE-3268,BUG,BUG
LUCENE-1841,DOCUMENTATION,IMPROVEMENT
LUCENE-2467,BUG,BUG
LUCENE-3600,BUG,BUG
LUCENE-3400,CLEANUP,
LUCENE-1593,IMPROVEMENT,IMPROVEMENT
LUCENE-3462,BUG,BUG
LUCENE-1905,BUG,BUG
LUCENE-2311,RFE,IMPROVEMENT
LUCENE-635,REFACTORING,IMPROVEMENT
LUCENE-1902,DOCUMENTATION,BUG
LUCENE-2111,CLEANUP,IMPROVEMENT
LUCENE-2092,BUG,BUG
LUCENE-1727,IMPROVEMENT,BUG
LUCENE-3615,TEST,IMPROVEMENT
LUCENE-1992,BUG,BUG
LUCENE-3184,TEST,TEST
LUCENE-1663,DOCUMENTATION,IMPROVEMENT
LUCENE-3625,RFE,TASK
LUCENE-2975,BUG,BUG
LUCENE-2321,IMPROVEMENT,IMPROVEMENT
LUCENE-2476,BUG,BUG
LUCENE-3571,IMPROVEMENT,TASK
LUCENE-295,BUG,BUG
LUCENE-3606,RFE,TASK
LUCENE-2383,BUG,BUG
LUCENE-3909,IMPROVEMENT,IMPROVEMENT
LUCENE-1147,RFE,IMPROVEMENT
LUCENE-2935,RFE,IMPROVEMENT
LUCENE-2970,IMPROVEMENT,BUG
LUCENE-2089,IMPROVEMENT,IMPROVEMENT
LUCENE-1542,BUG,BUG
LUCENE-1247,CLEANUP,IMPROVEMENT
LUCENE-1979,CLEANUP,TASK
LUCENE-3807,REFACTORING,IMPROVEMENT
LUCENE-2574,IMPROVEMENT,IMPROVEMENT
LUCENE-919,DESIGN_DEFECT,
LUCENE-2024,BUILD_SYSTEM,BUG
LUCENE-652,REFACTORING,IMPROVEMENT
LUCENE-1079,CLEANUP,IMPROVEMENT
LUCENE-241,BUG,BUG
LUCENE-1963,IMPROVEMENT,IMPROVEMENT
LUCENE-258,RFE,BUG
LUCENE-1965,IMPROVEMENT,IMPROVEMENT
LUCENE-2804,TEST,TEST
LUCENE-951,BUG,BUG
LUCENE-865,BUG,BUG
LUCENE-2358,REFACTORING,TASK
LUCENE-3012,BUG,BUG
LUCENE-1883,DOCUMENTATION,IMPROVEMENT
LUCENE-1869,IMPROVEMENT,IMPROVEMENT
LUCENE-2667,IMPROVEMENT,IMPROVEMENT
LUCENE-3327,BUG,BUG
LUCENE-3437,TEST,
LUCENE-1169,BUG,BUG
LUCENE-3911,TEST,TASK
LUCENE-1107,OTHER,TASK
LUCENE-2803,BUG,BUG
LUCENE-1202,BUILD_SYSTEM,BUG
LUCENE-847,REFACTORING,IMPROVEMENT
LUCENE-2862,IMPROVEMENT,IMPROVEMENT
LUCENE-389,RFE,IMPROVEMENT
LUCENE-501,TASK,TASK
LUCENE-2373,RFE,IMPROVEMENT
LUCENE-910,DOCUMENTATION,TASK
LUCENE-875,DOCUMENTATION,TASK
LUCENE-836,RFE,RFE
LUCENE-1925,DESIGN_DEFECT,IMPROVEMENT
LUCENE-2088,DESIGN_DEFECT,BUG
LUCENE-1201,RFE,RFE
LUCENE-1740,RFE,RFE
LUCENE-2325,TEST,TEST
LUCENE-1875,DOCUMENTATION,BUG
LUCENE-773,CLEANUP,IMPROVEMENT
LUCENE-3274,REFACTORING,IMPROVEMENT
LUCENE-2255,IMPROVEMENT,BUG
LUCENE-3686,BUG,BUG
LUCENE-1044,IMPROVEMENT,BUG
LUCENE-528,IMPROVEMENT,IMPROVEMENT
LUCENE-2640,TEST,TEST
LUCENE-2913,DESIGN_DEFECT,
LUCENE-2261,RFE,IMPROVEMENT
LUCENE-641,BUG,BUG
LUCENE-2957,BUILD_SYSTEM,IMPROVEMENT
LUCENE-2398,TEST,TEST
LUCENE-1873,DOCUMENTATION,BUG
LUCENE-1424,RFE,RFE
LUCENE-1297,RFE,RFE
LUCENE-3271,REFACTORING,IMPROVEMENT
LUCENE-2329,IMPROVEMENT,IMPROVEMENT
LUCENE-802,BUILD_SYSTEM,IMPROVEMENT
LUCENE-2881,IMPROVEMENT,IMPROVEMENT
LUCENE-2269,BUILD_SYSTEM,TEST
LUCENE-1876,DOCUMENTATION,IMPROVEMENT
LUCENE-1686,CLEANUP,IMPROVEMENT
LUCENE-749,BUG,IMPROVEMENT
LUCENE-3851,TEST,BUG
LUCENE-569,BUG,BUG
LUCENE-2503,RFE,RFE
LUCENE-2097,BUG,BUG
LUCENE-3073,DESIGN_DEFECT,IMPROVEMENT
LUCENE-1692,TEST,TEST
LUCENE-1244,IMPROVEMENT,IMPROVEMENT
LUCENE-523,BUG,BUG
LUCENE-3619,BUG,BUG
LUCENE-1538,IMPROVEMENT,BUG
LUCENE-3509,IMPROVEMENT,IMPROVEMENT
LUCENE-2854,CLEANUP,IMPROVEMENT
LUCENE-987,TEST,TEST
LUCENE-345,BUG,BUG
LUCENE-1131,RFE,RFE
LUCENE-757,BUILD_SYSTEM,BUG
LUCENE-1429,BUG,BUG
LUCENE-1458,RFE,RFE
LUCENE-2397,BUG,IMPROVEMENT
LUCENE-2907,BUG,BUG
LUCENE-1916,DOCUMENTATION,TASK
LUCENE-3575,BUG,BUG
LUCENE-448,RFE,RFE
LUCENE-3280,RFE,IMPROVEMENT
LUCENE-1974,BUG,BUG
LUCENE-1831,DESIGN_DEFECT,BUG
LUCENE-2284,BUG,BUG
LUCENE-1630,RFE,IMPROVEMENT
LUCENE-722,REFACTORING,BUG
LUCENE-1191,IMPROVEMENT,IMPROVEMENT
LUCENE-946,OTHER,TASK
LUCENE-3433,RFE,RFE
LUCENE-306,BUG,BUG
LUCENE-429,IMPROVEMENT,IMPROVEMENT
LUCENE-1935,REFACTORING,TASK
LUCENE-3141,IMPROVEMENT,IMPROVEMENT
LUCENE-439,BUG,BUG
LUCENE-3086,RFE,IMPROVEMENT
LUCENE-3464,REFACTORING,BUG
LUCENE-2034,REFACTORING,IMPROVEMENT
LUCENE-1536,IMPROVEMENT,IMPROVEMENT
LUCENE-1047,REFACTORING,IMPROVEMENT
LUCENE-2162,RFE,IMPROVEMENT
LUCENE-3898,TEST,BUG
LUCENE-1194,RFE,RFE
LUCENE-3635,RFE,IMPROVEMENT
LUCENE-2627,BUG,BUG
LUCENE-1415,BUG,BUG
LUCENE-359,RFE,BUG
LUCENE-1770,RFE,RFE
LUCENE-2514,RFE,TASK
LUCENE-2052,CLEANUP,IMPROVEMENT
LUCENE-294,RFE,IMPROVEMENT
LUCENE-3471,BUG,BUG
LUCENE-337,BUG,BUG
LUCENE-667,BUILD_SYSTEM,BUG
LUCENE-3240,REFACTORING,
LUCENE-561,BUG,BUG
LUCENE-1830,BUG,BUG
LUCENE-674,IMPROVEMENT,BUG
LUCENE-3308,CLEANUP,
LUCENE-499,DOCUMENTATION,IMPROVEMENT
LUCENE-2542,DESIGN_DEFECT,IMPROVEMENT
LUCENE-441,IMPROVEMENT,BUG
LUCENE-3198,IMPROVEMENT,IMPROVEMENT
LUCENE-1046,BUG,BUG
LUCENE-421,RFE,IMPROVEMENT
LUCENE-2869,CLEANUP,TASK
LUCENE-1713,REFACTORING,IMPROVEMENT
LUCENE-1628,RFE,RFE
LUCENE-3294,BUG,BUG
LUCENE-1392,DOCUMENTATION,IMPROVEMENT
LUCENE-742,CLEANUP,IMPROVEMENT
LUCENE-469,BUG,BUG
LUCENE-2683,BUILD_SYSTEM,IMPROVEMENT
LUCENE-3764,REFACTORING,TASK
LUCENE-3646,RFE,TASK
LUCENE-3856,RFE,IMPROVEMENT
LUCENE-1270,BUG,BUG
LUCENE-2077,DOCUMENTATION,IMPROVEMENT
LUCENE-442,TEST,BUG
LUCENE-1173,BUG,BUG
LUCENE-586,IMPROVEMENT,IMPROVEMENT
LUCENE-556,BUG,BUG
LUCENE-3522,BUG,BUG
LUCENE-632,BUG,BUG
LUCENE-2286,IMPROVEMENT,IMPROVEMENT
LUCENE-3213,REFACTORING,IMPROVEMENT
LUCENE-228,IMPROVEMENT,BUG
LUCENE-3170,BUG,BUG
LUCENE-551,BUILD_SYSTEM,TASK
LUCENE-914,SPEC,BUG
LUCENE-2596,IMPROVEMENT,IMPROVEMENT
LUCENE-2201,IMPROVEMENT,IMPROVEMENT
LUCENE-1655,CLEANUP,BUG
LUCENE-3044,BUG,BUG
LUCENE-747,BUILD_SYSTEM,BUG
LUCENE-870,RFE,RFE
LUCENE-2622,BUG,BUG
LUCENE-512,BUG,BUG
LUCENE-3678,BUG,BUG
LUCENE-2137,RFE,IMPROVEMENT
LUCENE-257,IMPROVEMENT,BUG
LUCENE-3152,TEST,BUG
LUCENE-2462,CLEANUP,BUG
LUCENE-362,IMPROVEMENT,BUG
LUCENE-2200,DESIGN_DEFECT,IMPROVEMENT
LUCENE-1646,IMPROVEMENT,IMPROVEMENT
LUCENE-2897,IMPROVEMENT,IMPROVEMENT
LUCENE-2608,RFE,IMPROVEMENT
LUCENE-1615,CLEANUP,IMPROVEMENT
LUCENE-1197,BUG,BUG
LUCENE-2013,DESIGN_DEFECT,BUG
LUCENE-3026,BUG,BUG
LUCENE-1462,BUG,BUG
LUCENE-2650,IMPROVEMENT,IMPROVEMENT
LUCENE-2032,IMPROVEMENT,BUG
LUCENE-1343,IMPROVEMENT,IMPROVEMENT
LUCENE-767,IMPROVEMENT,IMPROVEMENT
LUCENE-3340,BUG,BUG
LUCENE-2932,DOCUMENTATION,TASK
LUCENE-631,RFE,RFE
LUCENE-1827,REFACTORING,IMPROVEMENT
LUCENE-2399,RFE,RFE
LUCENE-1266,BUG,BUG
LUCENE-2206,RFE,RFE
LUCENE-1428,BUILD_SYSTEM,BUG
LUCENE-461,BUG,BUG
LUCENE-2732,REFACTORING,BUG
LUCENE-2572,BUILD_SYSTEM,BUG
LUCENE-3428,BUG,BUG
LUCENE-1668,IMPROVEMENT,BUG
LUCENE-3700,RFE,IMPROVEMENT
LUCENE-1703,RFE,IMPROVEMENT
LUCENE-2331,RFE,RFE
LUCENE-1573,RFE,BUG
LUCENE-634,DOCUMENTATION,BUG
LUCENE-1880,REFACTORING,IMPROVEMENT
LUCENE-330,IMPROVEMENT,IMPROVEMENT
LUCENE-347,DOCUMENTATION,IMPROVEMENT
LUCENE-353,BUG,BUG
LUCENE-644,RFE,IMPROVEMENT
LUCENE-3227,RFE,IMPROVEMENT
LUCENE-419,REFACTORING,BUG
LUCENE-803,OTHER,IMPROVEMENT
LUCENE-1388,RFE,IMPROVEMENT
LUCENE-1648,BUG,BUG
LUCENE-1443,IMPROVEMENT,IMPROVEMENT
LUCENE-1020,RFE,RFE
LUCENE-438,REFACTORING,IMPROVEMENT
LUCENE-1714,BUG,BUG
LUCENE-1028,DESIGN_DEFECT,BUG
LUCENE-1505,IMPROVEMENT,IMPROVEMENT
LUCENE-1452,BUG,BUG
LUCENE-511,BUG,BUG
LUCENE-3601,BUG,BUG
LUCENE-2690,IMPROVEMENT,IMPROVEMENT
LUCENE-3906,IMPROVEMENT,TASK
LUCENE-1376,BUG,BUG
LUCENE-1973,CLEANUP,TASK
LUCENE-500,CLEANUP,TASK
LUCENE-895,TEST,BUG
LUCENE-980,BUG,BUG
LUCENE-2984,REFACTORING,IMPROVEMENT
LUCENE-2487,DESIGN_DEFECT,IMPROVEMENT
LUCENE-939,IMPROVEMENT,IMPROVEMENT
LUCENE-204,DOCUMENTATION,IMPROVEMENT
LUCENE-3362,TEST,BUG
LUCENE-2496,BUG,BUG
LUCENE-1049,IMPROVEMENT,IMPROVEMENT
LUCENE-1943,IMPROVEMENT,IMPROVEMENT
LUCENE-3324,BUG,BUG
LUCENE-2181,RFE,RFE
LUCENE-1401,IMPROVEMENT,BUG
LUCENE-3302,CLEANUP,IMPROVEMENT
LUCENE-2455,CLEANUP,IMPROVEMENT
LUCENE-985,BUG,BUG
LUCENE-1233,DESIGN_DEFECT,IMPROVEMENT
LUCENE-371,BUG,BUG
LUCENE-1959,RFE,RFE
LUCENE-1936,CLEANUP,TASK
LUCENE-3255,BUG,BUG
LUCENE-3463,IMPROVEMENT,BUG
LUCENE-1528,RFE,IMPROVEMENT
LUCENE-2324,RFE,IMPROVEMENT
LUCENE-1813,RFE,IMPROVEMENT
LUCENE-1961,CLEANUP,TASK
LUCENE-2536,BUG,BUG
LUCENE-2211,TEST,BUG
LUCENE-2695,IMPROVEMENT,IMPROVEMENT
LUCENE-2792,RFE,RFE
LUCENE-3668,BUG,BUG
LUCENE-748,BUG,BUG
LUCENE-3584,IMPROVEMENT,TASK
LUCENE-2356,RFE,BUG
LUCENE-3405,REFACTORING,IMPROVEMENT
LUCENE-3446,BUG,BUG
LUCENE-496,RFE,RFE
LUCENE-3435,RFE,TASK
LUCENE-3356,BUG,BUG
LUCENE-296,IMPROVEMENT,IMPROVEMENT
LUCENE-213,BUG,BUG
LUCENE-1857,REFACTORING,IMPROVEMENT
LUCENE-3496,RFE,RFE
LUCENE-2466,BUG,BUG
LUCENE-783,RFE,IMPROVEMENT
LUCENE-1433,DOCUMENTATION,IMPROVEMENT
LUCENE-2155,TEST,TASK
LUCENE-3200,CLEANUP,IMPROVEMENT
LUCENE-3054,IMPROVEMENT,TASK
LUCENE-1177,BUG,BUG
LUCENE-360,TEST,BUG
LUCENE-642,RFE,RFE
LUCENE-1874,DOCUMENTATION,BUG
LUCENE-2517,DOCUMENTATION,IMPROVEMENT
LUCENE-1741,RFE,IMPROVEMENT
LUCENE-376,BUILD_SYSTEM,IMPROVEMENT
LUCENE-246,RFE,BUG
LUCENE-1605,RFE,RFE
LUCENE-3494,IMPROVEMENT,IMPROVEMENT
LUCENE-2556,IMPROVEMENT,IMPROVEMENT
LUCENE-3203,IMPROVEMENT,IMPROVEMENT
LUCENE-1286,RFE,IMPROVEMENT
LUCENE-1187,CLEANUP,IMPROVEMENT
LUCENE-3778,DESIGN_DEFECT,IMPROVEMENT
LUCENE-3718,BUG,BUG
LUCENE-2846,RFE,IMPROVEMENT
LUCENE-3549,CLEANUP,IMPROVEMENT
LUCENE-1387,RFE,RFE
LUCENE-3876,BUG,BUG
LUCENE-3707,RFE,TASK
LUCENE-1164,IMPROVEMENT,BUG
LUCENE-1404,BUG,BUG
LUCENE-2278,BUG,BUG
LUCENE-3883,RFE,RFE
LUCENE-392,IMPROVEMENT,BUG
LUCENE-2692,RFE,RFE
LUCENE-689,BUG,BUG
LUCENE-1069,BUG,BUG
LUCENE-3348,BUG,BUG
LUCENE-3071,RFE,RFE
LUCENE-1253,IMPROVEMENT,BUG
LUCENE-3742,BUG,BUG
LUCENE-3802,RFE,RFE
LUCENE-3381,CLEANUP,IMPROVEMENT
LUCENE-1960,CLEANUP,TASK
LUCENE-2205,IMPROVEMENT,IMPROVEMENT
LUCENE-2341,RFE,RFE
LUCENE-3418,BUG,BUG
LUCENE-2641,TEST,TEST
LUCENE-1179,BUG,BUG
LUCENE-447,BUILD_SYSTEM,IMPROVEMENT
LUCENE-220,BUG,BUG
LUCENE-1064,DESIGN_DEFECT,IMPROVEMENT
LUCENE-2740,BUG,BUG
LUCENE-801,BUILD_SYSTEM,IMPROVEMENT
LUCENE-215,BUG,BUG
LUCENE-2619,TEST,TEST
LUCENE-3726,IMPROVEMENT,IMPROVEMENT
LUCENE-3602,RFE,RFE
LUCENE-2966,BUG,BUG
LUCENE-3127,REFACTORING,IMPROVEMENT
LUCENE-2102,RFE,IMPROVEMENT
LUCENE-1566,BUG,BUG
LUCENE-2134,BUILD_SYSTEM,BUG
LUCENE-959,IMPROVEMENT,IMPROVEMENT
LUCENE-2377,BUG,IMPROVEMENT
LUCENE-1394,DOCUMENTATION,BUG
LUCENE-1031,DOCUMENTATION,IMPROVEMENT
LUCENE-3031,BUG,BUG
LUCENE-2918,IMPROVEMENT,IMPROVEMENT
LUCENE-1564,BUG,BUG
LUCENE-3382,BUG,BUG
LUCENE-3701,RFE,IMPROVEMENT
LUCENE-1134,BUG,BUG
LUCENE-925,DOCUMENTATION,
LUCENE-1196,BUG,BUG
LUCENE-2488,BUILD_SYSTEM,BUG
LUCENE-1087,BUG,BUG
LUCENE-404,BUG,BUG
LUCENE-1696,RFE,IMPROVEMENT
LUCENE-1858,DOCUMENTATION,TASK
LUCENE-1331,BUG,BUG
LUCENE-2761,RFE,IMPROVEMENT
LUCENE-2029,RFE,IMPROVEMENT
LUCENE-1208,BUG,BUG
LUCENE-1549,IMPROVEMENT,IMPROVEMENT
LUCENE-2299,BUG,BUG
LUCENE-1209,RFE,IMPROVEMENT
LUCENE-2294,RFE,IMPROVEMENT
LUCENE-672,RFE,RFE
LUCENE-2244,IMPROVEMENT,BUG
LUCENE-3016,RFE,RFE
LUCENE-2781,CLEANUP,TASK
LUCENE-2110,REFACTORING,IMPROVEMENT
LUCENE-2473,DOCUMENTATION,BUG
LUCENE-2513,BUG,BUG
LUCENE-1682,TEST,IMPROVEMENT
LUCENE-869,REFACTORING,IMPROVEMENT
LUCENE-1374,BUG,BUG
LUCENE-3176,BUG,BUG
LUCENE-1384,BUG,BUG
LUCENE-1790,RFE,RFE
LUCENE-1611,BUG,BUG
LUCENE-3273,TEST,
LUCENE-1382,RFE,IMPROVEMENT
LUCENE-920,DOCUMENTATION,
LUCENE-3043,BUG,BUG
LUCENE-3502,CLEANUP,IMPROVEMENT
LUCENE-3517,IMPROVEMENT,IMPROVEMENT
LUCENE-2164,IMPROVEMENT,IMPROVEMENT
LUCENE-1854,BUILD_SYSTEM,IMPROVEMENT
LUCENE-678,RFE,RFE
LUCENE-2836,RFE,RFE
LUCENE-2904,BUG,BUG
LUCENE-3358,BUG,BUG
LUCENE-3207,BUG,BUG
LUCENE-2584,BUG,BUG
LUCENE-3767,REFACTORING,IMPROVEMENT
LUCENE-1828,BUG,BUG
LUCENE-432,REFACTORING,BUG
LUCENE-1267,RFE,IMPROVEMENT
LUCENE-3396,RFE,IMPROVEMENT
LUCENE-2595,TEST,TEST
LUCENE-2657,BUILD_SYSTEM,IMPROVEMENT
LUCENE-1585,RFE,RFE
LUCENE-2468,BUG,BUG
LUCENE-1494,RFE,RFE
LUCENE-945,BUILD_SYSTEM,BUG
LUCENE-1872,DOCUMENTATION,IMPROVEMENT
LUCENE-2564,IMPROVEMENT,BUG
LUCENE-1684,RFE,IMPROVEMENT
LUCENE-3108,RFE,TASK
LUCENE-1189,BUG,BUG
LUCENE-2653,BUG,BUG
LUCENE-931,DOCUMENTATION,
LUCENE-1154,DOCUMENTATION,BUG
LUCENE-361,DESIGN_DEFECT,BUG
LUCENE-1310,BUG,BUG
LUCENE-963,IMPROVEMENT,IMPROVEMENT
LUCENE-2882,REFACTORING,TASK
LUCENE-3880,IMPROVEMENT,BUG
LUCENE-1199,BUG,BUG
LUCENE-554,BUG,BUG
LUCENE-3222,BUG,BUG
LUCENE-3014,RFE,TASK
LUCENE-1651,IMPROVEMENT,TASK
LUCENE-3684,RFE,IMPROVEMENT
LUCENE-1226,BUG,BUG
LUCENE-1736,IMPROVEMENT,IMPROVEMENT
LUCENE-2041,RFE,IMPROVEMENT
LUCENE-1805,BUG,BUG
LUCENE-3480,REFACTORING,TASK
LUCENE-3231,RFE,IMPROVEMENT
LUCENE-3032,BUG,BUG
LUCENE-3562,IMPROVEMENT,IMPROVEMENT
LUCENE-1450,BUG,BUG
LUCENE-2190,RFE,BUG
LUCENE-1679,DESIGN_DEFECT,IMPROVEMENT
LUCENE-1933,RFE,IMPROVEMENT
LUCENE-734,BUILD_SYSTEM,TASK
LUCENE-2717,BUG,BUG
LUCENE-2819,BUG,BUG
LUCENE-2315,DESIGN_DEFECT,BUG
LUCENE-1448,DESIGN_DEFECT,BUG
LUCENE-3378,TEST,BUG
LUCENE-2541,BUG,BUG
LUCENE-1027,IMPROVEMENT,BUG
LUCENE-896,RFE,IMPROVEMENT
LUCENE-2722,IMPROVEMENT,IMPROVEMENT
LUCENE-996,RFE,IMPROVEMENT
LUCENE-714,IMPROVEMENT,IMPROVEMENT
LUCENE-1957,CLEANUP,TASK
LUCENE-3722,IMPROVEMENT,IMPROVEMENT
LUCENE-3495,BUG,BUG
LUCENE-2675,RFE,IMPROVEMENT
LUCENE-3867,BUG,BUG
LUCENE-2901,BUG,BUG
LUCENE-580,RFE,IMPROVEMENT
LUCENE-1708,IMPROVEMENT,IMPROVEMENT
LUCENE-1129,BUG,BUG
LUCENE-752,TEST,BUG
LUCENE-593,BUG,BUG
LUCENE-2424,IMPROVEMENT,BUG
LUCENE-2288,IMPROVEMENT,IMPROVEMENT
LUCENE-2702,RFE,IMPROVEMENT
LUCENE-2906,RFE,RFE
LUCENE-2953,BUG,BUG
LUCENE-2121,RFE,TASK
LUCENE-3159,CLEANUP,TASK
LUCENE-1522,RFE,IMPROVEMENT
LUCENE-1320,RFE,RFE
LUCENE-3224,BUG,BUG
LUCENE-1657,IMPROVEMENT,IMPROVEMENT
LUCENE-909,BUILD_SYSTEM,TASK
LUCENE-1836,BUG,BUG
LUCENE-406,RFE,RFE
LUCENE-3796,DESIGN_DEFECT,BUG
LUCENE-2523,BUG,BUG
LUCENE-3123,BUG,BUG
LUCENE-3414,RFE,RFE
LUCENE-3630,DESIGN_DEFECT,BUG
LUCENE-3896,TEST,BUG
LUCENE-1067,BUG,BUG
LUCENE-2246,BUG,BUG
LUCENE-1789,IMPROVEMENT,IMPROVEMENT
LUCENE-2755,IMPROVEMENT,IMPROVEMENT
LUCENE-610,BUG,BUG
LUCENE-3520,BUG,BUG
LUCENE-2486,BUG,BUG
LUCENE-491,BUG,BUG
LUCENE-3487,BUG,BUG
LUCENE-2180,CLEANUP,TASK
LUCENE-2845,BUILD_SYSTEM,TASK
LUCENE-3551,BUG,BUG
LUCENE-2066,TEST,IMPROVEMENT
LUCENE-2107,BUILD_SYSTEM,TASK
LUCENE-2210,BUG,BUG
LUCENE-1871,IMPROVEMENT,BUG
LUCENE-1685,IMPROVEMENT,IMPROVEMENT
LUCENE-3208,REFACTORING,BUG
LUCENE-3326,BUG,BUG
LUCENE-1045,BUG,BUG
LUCENE-2534,BUG,BUG
LUCENE-1438,BUG,BUG
LUCENE-2838,RFE,IMPROVEMENT
LUCENE-743,RFE,IMPROVEMENT
LUCENE-3081,IMPROVEMENT,IMPROVEMENT
LUCENE-3251,BUG,BUG
LUCENE-814,BUILD_SYSTEM,TASK
LUCENE-3822,TEST,BUG
LUCENE-3144,BUG,BUG
LUCENE-3599,REFACTORING,BUG
LUCENE-664,DOCUMENTATION,IMPROVEMENT
LUCENE-2103,DESIGN_DEFECT,BUG
LUCENE-2791,RFE,RFE
LUCENE-3515,IMPROVEMENT,BUG
LUCENE-1355,BUG,BUG
LUCENE-3020,TEST,TEST
LUCENE-2566,SPEC,BUG
LUCENE-2463,IMPROVEMENT,IMPROVEMENT
LUCENE-2481,IMPROVEMENT,IMPROVEMENT
LUCENE-2217,IMPROVEMENT,IMPROVEMENT
LUCENE-2837,CLEANUP,IMPROVEMENT
LUCENE-1927,BUILD_SYSTEM,BUG
LUCENE-2270,BUG,BUG
LUCENE-1971,CLEANUP,TASK
LUCENE-3185,BUG,BUG
LUCENE-1802,DOCUMENTATION,TASK
LUCENE-2601,RFE,IMPROVEMENT
LUCENE-3082,RFE,RFE
LUCENE-1200,BUG,BUG
LUCENE-3769,REFACTORING,IMPROVEMENT
LUCENE-2879,BUG,BUG
LUCENE-2365,BUG,BUG
LUCENE-3731,REFACTORING,IMPROVEMENT
LUCENE-2300,BUG,BUG
LUCENE-2963,IMPROVEMENT,IMPROVEMENT
LUCENE-3017,RFE,IMPROVEMENT
LUCENE-2529,BUG,BUG
LUCENE-2095,BUG,BUG
LUCENE-974,DOCUMENTATION,
LUCENE-2140,RFE,IMPROVEMENT
LUCENE-1406,RFE,RFE
LUCENE-2954,CLEANUP,BUG
LUCENE-863,CLEANUP,TASK
LUCENE-3385,IMPROVEMENT,
LUCENE-979,CLEANUP,IMPROVEMENT
LUCENE-1680,DESIGN_DEFECT,IMPROVEMENT
LUCENE-1661,IMPROVEMENT,IMPROVEMENT
LUCENE-2218,IMPROVEMENT,IMPROVEMENT
LUCENE-1057,BUG,BUG
LUCENE-2990,IMPROVEMENT,IMPROVEMENT
LUCENE-2739,REFACTORING,TEST
LUCENE-573,BUG,BUG
LUCENE-557,BUG,BUG
LUCENE-1947,DOCUMENTATION,TASK
LUCENE-3100,BUG,BUG
LUCENE-3443,BACKPORT,IMPROVEMENT
LUCENE-2757,REFACTORING,IMPROVEMENT
LUCENE-3461,RFE,BUG
LUCENE-2168,BUG,BUG
LUCENE-1796,IMPROVEMENT,IMPROVEMENT
LUCENE-2064,IMPROVEMENT,IMPROVEMENT
LUCENE-711,IMPROVEMENT,IMPROVEMENT
LUCENE-3546,BUG,BUG
LUCENE-2006,IMPROVEMENT,IMPROVEMENT
LUCENE-732,RFE,IMPROVEMENT
LUCENE-1240,IMPROVEMENT,IMPROVEMENT
LUCENE-1357,BUG,BUG
LUCENE-2268,BUILD_SYSTEM,TEST
LUCENE-3831,BUG,BUG
LUCENE-485,IMPROVEMENT,IMPROVEMENT
LUCENE-2944,BUG,BUG
LUCENE-2972,BUG,BUG
LUCENE-1610,DOCUMENTATION,IMPROVEMENT
LUCENE-1222,BUG,BUG
LUCENE-2834,IMPROVEMENT,BUG
LUCENE-1795,IMPROVEMENT,BUG
LUCENE-3639,TEST,IMPROVEMENT
LUCENE-339,RFE,IMPROVEMENT
LUCENE-762,IMPROVEMENT,RFE
LUCENE-2123,RFE,BUG
LUCENE-369,RFE,BUG
LUCENE-921,DOCUMENTATION,
LUCENE-1397,BUG,BUG
LUCENE-1086,BUG,BUG
LUCENE-1156,RFE,BUG
LUCENE-790,OTHER,IMPROVEMENT
LUCENE-2531,IMPROVEMENT,IMPROVEMENT
LUCENE-3057,BUG,BUG
LUCENE-1670,DOCUMENTATION,IMPROVEMENT
LUCENE-1852,TEST,BUG
LUCENE-2872,RFE,IMPROVEMENT
LUCENE-1619,IMPROVEMENT,IMPROVEMENT
LUCENE-3410,RFE,IMPROVEMENT
LUCENE-1955,DOCUMENTATION,BUG
LUCENE-1042,SPEC,BUG
LUCENE-2352,TEST,TEST
LUCENE-1287,RFE,RFE
LUCENE-2400,IMPROVEMENT,IMPROVEMENT
LUCENE-3177,REFACTORING,IMPROVEMENT
LUCENE-582,IMPROVEMENT,IMPROVEMENT
LUCENE-2184,BUG,BUG
LUCENE-638,RFE,BUG
LUCENE-721,BUILD_SYSTEM,RFE
LUCENE-2652,TEST,TEST
LUCENE-3442,BUG,BUG
LUCENE-2490,BUILD_SYSTEM,TASK
LUCENE-1893,DESIGN_DEFECT,BUG
LUCENE-868,RFE,RFE
LUCENE-2736,BUG,BUG
LUCENE-1595,REFACTORING,IMPROVEMENT
LUCENE-1545,BUG,BUG
LUCENE-3586,RFE,IMPROVEMENT
LUCENE-384,BUG,BUG
LUCENE-2323,REFACTORING,IMPROVEMENT
LUCENE-2057,DESIGN_DEFECT,BUG
LUCENE-423,IMPROVEMENT,IMPROVEMENT
LUCENE-2694,IMPROVEMENT,IMPROVEMENT
LUCENE-3289,RFE,IMPROVEMENT
LUCENE-2939,IMPROVEMENT,BUG
LUCENE-3676,RFE,IMPROVEMENT
LUCENE-3770,REFACTORING,
LUCENE-3513,RFE,IMPROVEMENT
LUCENE-3901,RFE,RFE
LUCENE-1643,IMPROVEMENT,IMPROVEMENT
LUCENE-1908,DOCUMENTATION,IMPROVEMENT
LUCENE-2681,CLEANUP,BUG
LUCENE-2106,BUG,BUG
LUCENE-1712,IMPROVEMENT,IMPROVEMENT
LUCENE-418,RFE,BUG
LUCENE-994,IMPROVEMENT,IMPROVEMENT
LUCENE-465,TEST,BUG
LUCENE-2153,RFE,BUG
LUCENE-318,DOCUMENTATION,BUG
LUCENE-1771,IMPROVEMENT,BUG
LUCENE-1140,BUG,BUG
LUCENE-2281,IMPROVEMENT,IMPROVEMENT
LUCENE-1556,BUG,BUG
LUCENE-884,DOCUMENTATION,IMPROVEMENT
LUCENE-3801,IMPROVEMENT,IMPROVEMENT
LUCENE-1516,REFACTORING,IMPROVEMENT
LUCENE-1938,RFE,RFE
LUCENE-2570,TEST,TEST
LUCENE-3479,BUG,BUG
LUCENE-2378,CLEANUP,IMPROVEMENT
LUCENE-3256,REFACTORING,
LUCENE-1745,RFE,IMPROVEMENT
LUCENE-3588,IMPROVEMENT,IMPROVEMENT
LUCENE-3444,RFE,RFE
LUCENE-3388,BUG,BUG
LUCENE-2219,TEST,BUG
LUCENE-2008,DOCUMENTATION,IMPROVEMENT
LUCENE-1806,TEST,IMPROVEMENT
LUCENE-3720,TEST,TEST
LUCENE-1639,BUG,BUG
LUCENE-1254,BUG,BUG
LUCENE-1896,REFACTORING,IMPROVEMENT
LUCENE-3559,CLEANUP,IMPROVEMENT
LUCENE-813,BUG,BUG
LUCENE-2986,REFACTORING,TASK
LUCENE-3594,BACKPORT,IMPROVEMENT
LUCENE-2817,BUG,BUG
LUCENE-2354,IMPROVEMENT,IMPROVEMENT
LUCENE-2016,BUG,BUG
LUCENE-2843,RFE,IMPROVEMENT
LUCENE-2248,TEST,TEST
LUCENE-1446,BUILD_SYSTEM,IMPROVEMENT
LUCENE-1151,IMPROVEMENT,IMPROVEMENT
LUCENE-292,DOCUMENTATION,IMPROVEMENT
LUCENE-1525,BUILD_SYSTEM,BUG
LUCENE-2592,RFE,IMPROVEMENT
LUCENE-494,RFE,RFE
LUCENE-781,BUG,BUG
LUCENE-2482,RFE,RFE
LUCENE-720,TEST,BUG
LUCENE-854,RFE,RFE
LUCENE-2266,BUG,BUG
LUCENE-2920,CLEANUP,TASK
LUCENE-1773,RFE,RFE
LUCENE-2712,BUG,BUG
LUCENE-2005,DOCUMENTATION,TASK
LUCENE-2548,CLEANUP,IMPROVEMENT
LUCENE-1980,DOCUMENTATION,TASK
LUCENE-1051,DOCUMENTATION,IMPROVEMENT
LUCENE-1148,RFE,RFE
LUCENE-1801,IMPROVEMENT,TASK
LUCENE-3486,RFE,RFE
LUCENE-1951,IMPROVEMENT,IMPROVEMENT
LUCENE-3899,TEST,TEST
LUCENE-2770,IMPROVEMENT,IMPROVEMENT
LUCENE-3309,RFE,IMPROVEMENT
LUCENE-252,BUG,BUG
LUCENE-3617,TEST,TASK
LUCENE-1644,IMPROVEMENT,IMPROVEMENT
LUCENE-1779,CLEANUP,IMPROVEMENT
LUCENE-676,REFACTORING,IMPROVEMENT
LUCENE-1578,RFE,IMPROVEMENT
LUCENE-1844,TEST,IMPROVEMENT
LUCENE-3102,BUG,BUG
LUCENE-1071,BUG,BUG
LUCENE-1120,IMPROVEMENT,IMPROVEMENT
LUCENE-705,IMPROVEMENT,IMPROVEMENT
LUCENE-323,RFE,BUG
LUCENE-3677,CLEANUP,TASK
LUCENE-2177,DESIGN_DEFECT,IMPROVEMENT
LUCENE-471,BUILD_SYSTEM,BUG
LUCENE-2410,IMPROVEMENT,IMPROVEMENT
LUCENE-2001,BUG,BUG
LUCENE-2390,TEST,BUG
LUCENE-3061,RFE,IMPROVEMENT
LUCENE-1596,IMPROVEMENT,IMPROVEMENT
LUCENE-3078,RFE,TASK
LUCENE-890,DOCUMENTATION,TASK
LUCENE-2762,BUG,BUG
LUCENE-3143,BUG,BUG
LUCENE-248,RFE,IMPROVEMENT
LUCENE-300,REFACTORING,IMPROVEMENT
LUCENE-2326,BUILD_SYSTEM,IMPROVEMENT
LUCENE-984,CLEANUP,BUG
LUCENE-2015,IMPROVEMENT,IMPROVEMENT
LUCENE-588,BUG,BUG
LUCENE-2304,IMPROVEMENT,IMPROVEMENT
LUCENE-1333,IMPROVEMENT,IMPROVEMENT
LUCENE-660,RFE,RFE
LUCENE-351,DOCUMENTATION,BUG
LUCENE-1878,CLEANUP,TASK
LUCENE-2238,CLEANUP,TASK
LUCENE-1095,RFE,IMPROVEMENT
LUCENE-3354,RFE,IMPROVEMENT
LUCENE-3421,BUG,BUG
LUCENE-332,BUILD_SYSTEM,IMPROVEMENT
LUCENE-3217,IMPROVEMENT,IMPROVEMENT
LUCENE-3452,TEST,BUG
LUCENE-1440,RFE,RFE
LUCENE-2070,DOCUMENTATION,IMPROVEMENT
LUCENE-1647,BUG,BUG
LUCENE-3886,IMPROVEMENT,BUG
LUCENE-1098,IMPROVEMENT,IMPROVEMENT
LUCENE-3623,BUG,BUG
LUCENE-1588,RFE,IMPROVEMENT
LUCENE-1464,BUG,BUG
LUCENE-2785,BUG,BUG
LUCENE-506,IMPROVEMENT,IMPROVEMENT
LUCENE-1420,IMPROVEMENT,IMPROVEMENT
LUCENE-622,BUILD_SYSTEM,TASK
LUCENE-231,BUILD_SYSTEM,BUG
LUCENE-2020,CLEANUP,TASK
LUCENE-605,IMPROVEMENT,IMPROVEMENT
LUCENE-1353,BUILD_SYSTEM,TASK
LUCENE-1274,RFE,RFE
LUCENE-315,DOCUMENTATION,BUG
LUCENE-565,RFE,BUG
LUCENE-2484,CLEANUP,TASK
LUCENE-2045,BUG,BUG
LUCENE-543,BUG,IMPROVEMENT
LUCENE-1763,DESIGN_DEFECT,IMPROVEMENT
LUCENE-538,BUG,BUG
LUCENE-753,RFE,RFE
LUCENE-3824,DESIGN_DEFECT,IMPROVEMENT
LUCENE-2022,CLEANUP,TASK
LUCENE-1228,BUG,BUG
LUCENE-2896,IMPROVEMENT,IMPROVEMENT
LUCENE-2240,RFE,TASK
LUCENE-1972,CLEANUP,TASK
LUCENE-2959,RFE,RFE
LUCENE-1694,DESIGN_DEFECT,IMPROVEMENT
LUCENE-264,DOCUMENTATION,IMPROVEMENT
LUCENE-3457,BUG,BUG
LUCENE-1677,CLEANUP,TASK
LUCENE-1818,BUG,BUG
LUCENE-2887,CLEANUP,IMPROVEMENT
LUCENE-3643,IMPROVEMENT,IMPROVEMENT
LUCENE-3694,REFACTORING,BUG
LUCENE-3253,TEST,TEST
LUCENE-3311,CLEANUP,
LUCENE-2223,RFE,RFE
LUCENE-3748,BUG,IMPROVEMENT
LUCENE-727,BUG,BUG
LUCENE-1344,BUILD_SYSTEM,IMPROVEMENT
LUCENE-3095,BUG,BUG
LUCENE-746,IMPROVEMENT,IMPROVEMENT
LUCENE-2955,RFE,IMPROVEMENT
LUCENE-3478,BUG,BUG
LUCENE-935,BUILD_SYSTEM,IMPROVEMENT
LUCENE-703,IMPROVEMENT,IMPROVEMENT
LUCENE-2678,TEST,TEST
LUCENE-3146,BUG,BUG
LUCENE-2351,IMPROVEMENT,IMPROVEMENT
LUCENE-2858,REFACTORING,TASK
LUCENE-2811,BUG,BUG
LUCENE-1499,REFACTORING,IMPROVEMENT
LUCENE-991,BUG,BUG
LUCENE-1768,RFE,RFE
LUCENE-3347,BUG,BUG
LUCENE-1021,TEST,BUG
LUCENE-800,BUG,BUG
LUCENE-2203,TEST,TEST
LUCENE-2680,IMPROVEMENT,IMPROVEMENT
LUCENE-2054,DOCUMENTATION,TASK
LUCENE-938,BUG,BUG
LUCENE-2774,BUILD_SYSTEM,BUG
LUCENE-2212,TEST,TEST
LUCENE-1185,IMPROVEMENT,IMPROVEMENT
LUCENE-1092,BUG,BUG
LUCENE-2058,RFE,IMPROVEMENT
LUCENE-1716,RFE,IMPROVEMENT
LUCENE-3762,TEST,IMPROVEMENT
LUCENE-2852,BUG,BUG
LUCENE-2923,DOCUMENTATION,IMPROVEMENT
LUCENE-368,RFE,IMPROVEMENT
LUCENE-1144,BUG,BUG
LUCENE-715,BUG,BUG
LUCENE-2569,BUG,BUG
LUCENE-650,BUG,BUG
LUCENE-1316,IMPROVEMENT,BUG
LUCENE-1523,DESIGN_DEFECT,IMPROVEMENT
LUCENE-2478,BUG,BUG
LUCENE-1380,RFE,IMPROVEMENT
LUCENE-3628,RFE,IMPROVEMENT
LUCENE-695,IMPROVEMENT,IMPROVEMENT
LUCENE-936,DOCUMENTATION,BUG
LUCENE-3398,BUG,BUG
LUCENE-2618,TEST,BUG
LUCENE-2718,REFACTORING,IMPROVEMENT
LUCENE-1678,CLEANUP,BUG
LUCENE-1249,BUG,BUG
LUCENE-1889,RFE,
LUCENE-2094,RFE,BUG
LUCENE-1171,IMPROVEMENT,BUG
LUCENE-1604,IMPROVEMENT,IMPROVEMENT
LUCENE-235,BUG,BUG
LUCENE-2941,BUG,BUG
LUCENE-1423,BUG,BUG
LUCENE-3468,IMPROVEMENT,IMPROVEMENT
LUCENE-2635,BUG,BUG
LUCENE-3714,RFE,RFE
LUCENE-3823,RFE,IMPROVEMENT
LUCENE-240,DOCUMENTATION,BUG
LUCENE-1748,DESIGN_DEFECT,BUG
LUCENE-3223,BUG,BUG
LUCENE-577,RFE,RFE
LUCENE-1077,RFE,RFE
LUCENE-1994,RFE,BUG
LUCENE-372,BUG,BUG
LUCENE-940,BUG,BUG
LUCENE-435,IMPROVEMENT,IMPROVEMENT
LUCENE-3467,IMPROVEMENT,IMPROVEMENT
LUCENE-1195,IMPROVEMENT,IMPROVEMENT
LUCENE-970,BUG,BUG
LUCENE-1563,TEST,TEST
LUCENE-918,DOCUMENTATION,
LUCENE-3147,TEST,TEST
LUCENE-3835,BUG,BUG
LUCENE-1715,IMPROVEMENT,BUG
LUCENE-3850,CLEANUP,IMPROVEMENT
LUCENE-1719,DOCUMENTATION,IMPROVEMENT
LUCENE-265,IMPROVEMENT,IMPROVEMENT
LUCENE-2594,TEST,IMPROVEMENT
LUCENE-3864,RFE,IMPROVEMENT
LUCENE-2267,RFE,IMPROVEMENT
LUCENE-3023,RFE,TASK
LUCENE-2891,BUG,BUG
LUCENE-1101,BUG,BUG
LUCENE-1262,BUG,BUG
LUCENE-3518,RFE,RFE
LUCENE-1609,IMPROVEMENT,IMPROVEMENT
LUCENE-1348,TEST,TEST
LUCENE-2730,BUG,BUG
LUCENE-454,IMPROVEMENT,IMPROVEMENT
LUCENE-1514,BUG,IMPROVEMENT
LUCENE-1276,BUILD_SYSTEM,BUG
LUCENE-923,DESIGN_DEFECT,
LUCENE-1877,DOCUMENTATION,IMPROVEMENT
LUCENE-1887,REFACTORING,IMPROVEMENT
LUCENE-3915,RFE,RFE
LUCENE-3474,RFE,TASK
LUCENE-2135,IMPROVEMENT,BUG
LUCENE-1834,CLEANUP,TASK
LUCENE-3021,TEST,TEST
LUCENE-3409,BUG,BUG
LUCENE-3634,CLEANUP,IMPROVEMENT
LUCENE-2671,RFE,RFE
LUCENE-3283,REFACTORING,
LUCENE-3582,BUG,BUG
LUCENE-1012,BUG,BUG
LUCENE-3363,BUG,BUG
LUCENE-3889,CLEANUP,TASK
LUCENE-3620,BUG,BUG
LUCENE-607,BUG,BUG
LUCENE-2822,IMPROVEMENT,BUG
LUCENE-1268,DOCUMENTATION,IMPROVEMENT
LUCENE-3438,REFACTORING,IMPROVEMENT
LUCENE-1143,BUG,BUG
LUCENE-1517,REFACTORING,IMPROVEMENT
LUCENE-1377,REFACTORING,IMPROVEMENT
LUCENE-804,BUILD_SYSTEM,TASK
LUCENE-526,BUG,BUG
LUCENE-544,RFE,IMPROVEMENT
LUCENE-3246,REFACTORING,IMPROVEMENT
LUCENE-1840,BUG,IMPROVEMENT
LUCENE-901,BUG,BUG
LUCENE-324,BUG,BUG
LUCENE-518,BUG,BUG
LUCENE-3695,DESIGN_DEFECT,BUG
LUCENE-2204,DESIGN_DEFECT,IMPROVEMENT
LUCENE-3488,REFACTORING,IMPROVEMENT
LUCENE-2649,RFE,IMPROVEMENT
LUCENE-2720,DESIGN_DEFECT,BUG
LUCENE-3077,BUG,BUG
LUCENE-1395,DOCUMENTATION,IMPROVEMENT
LUCENE-707,DOCUMENTATION,IMPROVEMENT
LUCENE-791,DOCUMENTATION,IMPROVEMENT
LUCENE-933,IMPROVEMENT,BUG
LUCENE-3535,REFACTORING,TASK
LUCENE-230,BUG,BUG
LUCENE-3106,BUG,BUG
LUCENE-857,IMPROVEMENT,IMPROVEMENT
LUCENE-1821,RFE,BUG
LUCENE-1371,RFE,IMPROVEMENT
LUCENE-1811,TEST,BUG
LUCENE-2599,CLEANUP,IMPROVEMENT
LUCENE-279,BUG,IMPROVEMENT
LUCENE-812,BUG,BUG
LUCENE-3903,CLEANUP,BUG
LUCENE-2197,IMPROVEMENT,BUG
LUCENE-2783,BUG,BUG
LUCENE-975,RFE,RFE
LUCENE-973,BUG,BUG
LUCENE-3847,RFE,IMPROVEMENT
LUCENE-1378,DOCUMENTATION,TASK
LUCENE-1734,BUG,BUG
LUCENE-1509,BUG,BUG
LUCENE-1060,DOCUMENTATION,IMPROVEMENT
LUCENE-2549,BUG,BUG
LUCENE-483,BUG,BUG
LUCENE-1467,CLEANUP,TASK
LUCENE-356,BUG,BUG
LUCENE-524,IMPROVEMENT,IMPROVEMENT
LUCENE-291,IMPROVEMENT,IMPROVEMENT
LUCENE-453,BUG,BUG
LUCENE-2876,CLEANUP,TASK
LUCENE-3202,RFE,TASK
LUCENE-3029,BUG,BUG
LUCENE-2017,IMPROVEMENT,IMPROVEMENT
LUCENE-2003,BUG,BUG
LUCENE-2318,TEST,TEST
LUCENE-1466,RFE,RFE
LUCENE-1798,IMPROVEMENT,IMPROVEMENT
LUCENE-2731,SPEC,BUG
LUCENE-2867,DESIGN_DEFECT,IMPROVEMENT
LUCENE-386,BUILD_SYSTEM,BUG
LUCENE-3168,TEST,IMPROVEMENT
LUCENE-1400,BUILD_SYSTEM,IMPROVEMENT
LUCENE-2875,BUG,BUG
LUCENE-1130,IMPROVEMENT,BUG
LUCENE-1814,TEST,BUG
LUCENE-1036,BUG,BUG
LUCENE-2741,BUG,BUG
LUCENE-3092,IMPROVEMENT,IMPROVEMENT
LUCENE-1985,REFACTORING,IMPROVEMENT
LUCENE-2046,BUG,BUG
LUCENE-2980,IMPROVEMENT,BUG
LUCENE-1521,BUG,BUG
LUCENE-1340,RFE,RFE
LUCENE-2426,IMPROVEMENT,IMPROVEMENT
LUCENE-696,BUG,BUG
LUCENE-1135,DOCUMENTATION,TASK
LUCENE-1762,CLEANUP,IMPROVEMENT
LUCENE-2772,IMPROVEMENT,
LUCENE-1527,BUG,BUG
LUCENE-1782,REFACTORING,IMPROVEMENT
LUCENE-1583,BUG,BUG
LUCENE-570,DESIGN_DEFECT,IMPROVEMENT
LUCENE-1912,BUG,BUG
LUCENE-224,CLEANUP,BUG
LUCENE-2242,RFE,TASK
LUCENE-486,TEST,TEST
LUCENE-2002,RFE,BUG
LUCENE-2414,RFE,RFE
LUCENE-1978,CLEANUP,TASK
LUCENE-2157,IMPROVEMENT,IMPROVEMENT
LUCENE-1702,BUG,BUG
LUCENE-2449,TEST,TEST
LUCENE-467,IMPROVEMENT,IMPROVEMENT
LUCENE-1078,CLEANUP,IMPROVEMENT
LUCENE-2894,DOCUMENTATION,IMPROVEMENT
LUCENE-1299,BUG,BUG
LUCENE-3749,CLEANUP,TASK
LUCENE-3852,REFACTORING,IMPROVEMENT
LUCENE-3238,BUG,BUG
LUCENE-1434,RFE,RFE
LUCENE-1282,IMPROVEMENT,BUG
LUCENE-1988,CLEANUP,IMPROVEMENT
LUCENE-3638,IMPROVEMENT,IMPROVEMENT
LUCENE-3339,BUG,BUG
LUCENE-1946,CLEANUP,TASK
LUCENE-2042,RFE,IMPROVEMENT
LUCENE-892,IMPROVEMENT,IMPROVEMENT
LUCENE-431,IMPROVEMENT,IMPROVEMENT
LUCENE-1797,BUG,BUG
LUCENE-1335,IMPROVEMENT,BUG
LUCENE-2112,RFE,BUG
LUCENE-1457,BUG,BUG
LUCENE-1188,IMPROVEMENT,IMPROVEMENT
LUCENE-2892,RFE,IMPROVEMENT
LUCENE-2472,IMPROVEMENT,IMPROVEMENT
LUCENE-2404,IMPROVEMENT,BUG
LUCENE-883,BUG,BUG
LUCENE-2931,DOCUMENTATION,IMPROVEMENT
LUCENE-1062,IMPROVEMENT,BUG
LUCENE-1096,BUG,BUG
LUCENE-1398,RFE,RFE
LUCENE-2812,BUG,BUG
LUCENE-2421,IMPROVEMENT,IMPROVEMENT
LUCENE-687,IMPROVEMENT,IMPROVEMENT
LUCENE-1479,BUG,BUG
LUCENE-1904,REFACTORING,IMPROVEMENT
LUCENE-311,DESIGN_DEFECT,BUG
LUCENE-2912,REFACTORING,IMPROVEMENT
LUCENE-1298,BUG,BUG
LUCENE-1212,REFACTORING,IMPROVEMENT
LUCENE-3542,BUG,BUG
LUCENE-3519,BUG,BUG
LUCENE-3626,RFE,IMPROVEMENT
LUCENE-508,BUG,BUG
LUCENE-1911,IMPROVEMENT,BUG
LUCENE-3258,BUG,BUG
LUCENE-2952,BUILD_SYSTEM,IMPROVEMENT
LUCENE-2274,TEST,TEST
LUCENE-3746,BUG,BUG
LUCENE-3011,RFE,RFE
LUCENE-1008,BUG,BUG
LUCENE-3387,CLEANUP,
LUCENE-2763,REFACTORING,IMPROVEMENT
LUCENE-1510,BUG,BUG
LUCENE-2790,IMPROVEMENT,IMPROVEMENT
LUCENE-2031,REFACTORING,TASK
LUCENE-3870,BUG,BUG
LUCENE-3624,DESIGN_DEFECT,TASK
LUCENE-2945,BUG,BUG
LUCENE-3448,RFE,
LUCENE-1571,BUG,BUG
LUCENE-1990,IMPROVEMENT,IMPROVEMENT
LUCENE-1894,BUG,BUG
LUCENE-3372,BUG,BUG
LUCENE-3477,CLEANUP,IMPROVEMENT
LUCENE-1474,BUG,BUG
LUCENE-2820,BUG,BUG
LUCENE-3002,TEST,TEST
LUCENE-663,RFE,RFE
LUCENE-982,RFE,IMPROVEMENT
LUCENE-2239,RFE,TASK
LUCENE-3295,BUG,BUG
LUCENE-2234,RFE,RFE
LUCENE-3872,BUG,BUG
LUCENE-2710,TEST,BUG
LUCENE-1507,RFE,IMPROVEMENT
LUCENE-623,DOCUMENTATION,IMPROVEMENT
LUCENE-2422,IMPROVEMENT,BUG
LUCENE-3874,BUG,BUG
LUCENE-2257,IMPROVEMENT,IMPROVEMENT
LUCENE-475,IMPROVEMENT,IMPROVEMENT
LUCENE-1868,DOCUMENTATION,TASK
LUCENE-1137,RFE,RFE
LUCENE-3148,BUG,BUG
LUCENE-2409,RFE,RFE
LUCENE-2474,RFE,IMPROVEMENT
LUCENE-1623,BACKPORT,BUG
LUCENE-2977,IMPROVEMENT,IMPROVEMENT
LUCENE-462,BUG,BUG
LUCENE-3059,BUG,BUG
LUCENE-2617,BUG,BUG
LUCENE-3111,BUG,BUG
LUCENE-3137,BUG,BUG
LUCENE-736,BUG,BUG
LUCENE-2855,IMPROVEMENT,BUG
LUCENE-2196,DESIGN_DEFECT,IMPROVEMENT
LUCENE-1825,BUG,IMPROVEMENT
LUCENE-1059,IMPROVEMENT,IMPROVEMENT
LUCENE-1128,RFE,IMPROVEMENT
LUCENE-3706,RFE,RFE
LUCENE-1481,DESIGN_DEFECT,BUG
LUCENE-2259,IMPROVEMENT,IMPROVEMENT
LUCENE-2581,RFE,IMPROVEMENT
LUCENE-1614,RFE,IMPROVEMENT
LUCENE-3653,IMPROVEMENT,IMPROVEMENT
LUCENE-3593,RFE,RFE
LUCENE-564,REFACTORING,BUG
LUCENE-3708,DESIGN_DEFECT,BUG
LUCENE-1784,DESIGN_DEFECT,IMPROVEMENT
LUCENE-1504,IMPROVEMENT,IMPROVEMENT
LUCENE-793,DOCUMENTATION,BUG
LUCENE-2289,IMPROVEMENT,IMPROVEMENT
LUCENE-684,DOCUMENTATION,IMPROVEMENT
LUCENE-2669,BUG,IMPROVEMENT
LUCENE-2285,CLEANUP,IMPROVEMENT
LUCENE-1393,BUILD_SYSTEM,BUG
LUCENE-1223,BUG,BUG
LUCENE-2382,BUG,BUG
LUCENE-961,BUG,BUG
LUCENE-1277,CLEANUP,BUG
LUCENE-2659,TEST,TEST
LUCENE-1535,TEST,TEST
LUCENE-852,RFE,IMPROVEMENT
LUCENE-823,BUG,BUG
LUCENE-885,BUILD_SYSTEM,IMPROVEMENT
LUCENE-2760,IMPROVEMENT,IMPROVEMENT
LUCENE-1638,BUG,BUG
LUCENE-1760,DOCUMENTATION,TASK
LUCENE-3466,REFACTORING,
LUCENE-3641,BUG,BUG
LUCENE-675,TEST,IMPROVEMENT
LUCENE-2981,CLEANUP,IMPROVEMENT
LUCENE-3098,RFE,RFE
LUCENE-1617,BUILD_SYSTEM,IMPROVEMENT
LUCENE-2113,RFE,TASK
LUCENE-3125,BUG,BUG
LUCENE-2129,IMPROVEMENT,BUG
LUCENE-1075,BUG,BUG
LUCENE-3761,RFE,IMPROVEMENT
LUCENE-388,IMPROVEMENT,BUG
LUCENE-2576,BUG,BUG
LUCENE-3855,BUG,BUG
LUCENE-787,BUILD_SYSTEM,BUG
LUCENE-1242,IMPROVEMENT,IMPROVEMENT
LUCENE-2328,BUG,BUG
LUCENE-824,CLEANUP,IMPROVEMENT
LUCENE-2751,TEST,TEST
LUCENE-1492,RFE,IMPROVEMENT
LUCENE-3140,BACKPORT,IMPROVEMENT
LUCENE-962,BUG,BUG
LUCENE-2451,TEST,IMPROVEMENT
LUCENE-1919,BUG,BUG
LUCENE-1072,BUG,BUG
LUCENE-3209,IMPROVEMENT,IMPROVEMENT
LUCENE-503,RFE,RFE
LUCENE-451,BUG,BUG
LUCENE-3647,BUG,BUG
LUCENE-3904,CLEANUP,BUG
LUCENE-2507,RFE,RFE
LUCENE-2898,IMPROVEMENT,BUG
LUCENE-1598,BUG,BUG
LUCENE-3103,TEST,TEST
LUCENE-3640,CLEANUP,IMPROVEMENT
LUCENE-277,BUG,BUG
LUCENE-1389,BUG,BUG
LUCENE-3490,REFACTORING,IMPROVEMENT
LUCENE-2677,TEST,TEST
LUCENE-1812,RFE,RFE
LUCENE-1884,DOCUMENTATION,TASK
LUCENE-2889,CLEANUP,TASK
LUCENE-1551,RFE,IMPROVEMENT
LUCENE-843,IMPROVEMENT,IMPROVEMENT
LUCENE-2316,RFE,IMPROVEMENT
LUCENE-3423,RFE,RFE
LUCENE-1066,DOCUMENTATION,IMPROVEMENT
LUCENE-2598,TEST,TEST
LUCENE-894,BUILD_SYSTEM,BUG
LUCENE-3531,IMPROVEMENT,IMPROVEMENT
LUCENE-3905,TEST,IMPROVEMENT
LUCENE-1347,BUG,BUG
LUCENE-1211,IMPROVEMENT,BUG
LUCENE-2142,BUG,BUG
LUCENE-2753,DESIGN_DEFECT,IMPROVEMENT
LUCENE-3099,RFE,IMPROVEMENT
LUCENE-3859,REFACTORING,TASK
LUCENE-1055,BUILD_SYSTEM,TASK
LUCENE-3244,RFE,BUG
LUCENE-629,IMPROVEMENT,IMPROVEMENT
LUCENE-269,DOCUMENTATION,BUG
LUCENE-2283,RFE,BUG
LUCENE-3350,BUG,BUG
LUCENE-3278,REFACTORING,
LUCENE-888,IMPROVEMENT,IMPROVEMENT
LUCENE-2087,IMPROVEMENT,IMPROVEMENT
LUCENE-2565,TEST,BUG
LUCENE-3193,RFE,RFE
LUCENE-2864,RFE,RFE
LUCENE-3190,BUG,BUG
LUCENE-3305,RFE,RFE
LUCENE-2044,RFE,IMPROVEMENT
LUCENE-227,DOCUMENTATION,BUG
LUCENE-649,DOCUMENTATION,IMPROVEMENT
LUCENE-1621,CLEANUP,IMPROVEMENT
LUCENE-924,DOCUMENTATION,
LUCENE-1166,RFE,RFE
LUCENE-3503,BUG,BUG
LUCENE-1214,BUG,BUG
LUCENE-1010,BUG,BUG
LUCENE-1139,IMPROVEMENT,IMPROVEMENT
LUCENE-2258,IMPROVEMENT,IMPROVEMENT
LUCENE-482,RFE,RFE
LUCENE-1076,RFE,IMPROVEMENT
LUCENE-717,BUILD_SYSTEM,BUG
LUCENE-2249,BUG,BUG
LUCENE-862,BUG,BUG
LUCENE-949,BUG,BUG
LUCENE-245,IMPROVEMENT,BUG
LUCENE-2320,RFE,IMPROVEMENT
LUCENE-3672,BUG,BUG
LUCENE-3736,RFE,
LUCENE-2275,IMPROVEMENT,IMPROVEMENT
LUCENE-1855,REFACTORING,IMPROVEMENT
LUCENE-1576,BUG,BUG
LUCENE-319,BUG,BUG
LUCENE-1068,BUG,BUG
LUCENE-1082,BUG,BUG
LUCENE-1294,BUILD_SYSTEM,BUG
LUCENE-2084,IMPROVEMENT,IMPROVEMENT
LUCENE-995,RFE,IMPROVEMENT
LUCENE-2118,BUG,BUG
LUCENE-2366,BUG,BUG
LUCENE-3510,RFE,IMPROVEMENT
LUCENE-1351,RFE,IMPROVEMENT
LUCENE-3028,BUG,BUG
LUCENE-3645,REFACTORING,IMPROVEMENT
LUCENE-2795,RFE,IMPROVEMENT
LUCENE-1850,DOCUMENTATION,TASK
LUCENE-702,IMPROVEMENT,BUG
LUCENE-1519,BUG,BUG
LUCENE-2086,IMPROVEMENT,IMPROVEMENT
LUCENE-3037,BUG,BUG
LUCENE-3365,BUG,BUG
LUCENE-2179,RFE,IMPROVEMENT
LUCENE-3434,RFE,IMPROVEMENT
LUCENE-2764,TEST,TEST
LUCENE-2802,BUG,BUG
LUCENE-1616,REFACTORING,IMPROVEMENT
LUCENE-3717,TEST,TASK
LUCENE-1788,CLEANUP,TASK
LUCENE-2829,IMPROVEMENT,IMPROVEMENT
LUCENE-1599,BUG,BUG
LUCENE-2958,IMPROVEMENT,IMPROVEMENT
LUCENE-395,RFE,IMPROVEMENT
LUCENE-1672,CLEANUP,TASK
LUCENE-1683,BUG,IMPROVEMENT
LUCENE-1112,IMPROVEMENT,BUG
LUCENE-1468,BUG,BUG
LUCENE-2625,BUG,BUG
LUCENE-383,BUG,BUG
LUCENE-2100,DESIGN_DEFECT,IMPROVEMENT
LUCENE-2956,BUG,BUG
LUCENE-2209,DOCUMENTATION,TASK
LUCENE-2165,RFE,BUG
LUCENE-1699,RFE,IMPROVEMENT
LUCENE-591,RFE,IMPROVEMENT
LUCENE-2388,DOCUMENTATION,BUG
LUCENE-3729,RFE,IMPROVEMENT
LUCENE-1654,RFE,IMPROVEMENT
LUCENE-2602,RFE,IMPROVEMENT
LUCENE-262,BUG,BUG
LUCENE-3648,IMPROVEMENT,IMPROVEMENT
LUCENE-3090,BUG,BUG
LUCENE-1162,DESIGN_DEFECT,IMPROVEMENT
LUCENE-3469,REFACTORING,TASK
LUCENE-3579,DESIGN_DEFECT,IMPROVEMENT
LUCENE-3097,RFE,RFE
LUCENE-2076,RFE,
LUCENE-3412,BUG,BUG
LUCENE-1099,DESIGN_DEFECT,IMPROVEMENT
LUCENE-1186,IMPROVEMENT,IMPROVEMENT
LUCENE-917,DOCUMENTATION,
LUCENE-971,IMPROVEMENT,IMPROVEMENT
LUCENE-1705,RFE,
LUCENE-1168,BUG,BUG
LUCENE-794,RFE,IMPROVEMENT
LUCENE-1584,RFE,IMPROVEMENT
LUCENE-1217,IMPROVEMENT,IMPROVEMENT
LUCENE-1491,BUG,BUG
LUCENE-2021,IMPROVEMENT,IMPROVEMENT
LUCENE-1966,IMPROVEMENT,IMPROVEMENT
LUCENE-3524,RFE,IMPROVEMENT
LUCENE-848,RFE,RFE
LUCENE-3042,BUG,BUG
LUCENE-3485,BUG,BUG
LUCENE-3201,IMPROVEMENT,IMPROVEMENT
LUCENE-1800,IMPROVEMENT,IMPROVEMENT
LUCENE-891,DOCUMENTATION,TASK
LUCENE-2000,RFE,TASK
LUCENE-1007,RFE,IMPROVEMENT
LUCENE-943,RFE,RFE
LUCENE-789,BUG,BUG
LUCENE-3662,RFE,RFE
LUCENE-274,RFE,IMPROVEMENT
LUCENE-820,BUG,BUG
LUCENE-2973,BUILD_SYSTEM,IMPROVEMENT
LUCENE-1133,RFE,IMPROVEMENT
LUCENE-2150,BUILD_SYSTEM,IMPROVEMENT
LUCENE-2630,BUILD_SYSTEM,TASK
LUCENE-1975,CLEANUP,TASK
LUCENE-2979,CLEANUP,IMPROVEMENT
LUCENE-1119,IMPROVEMENT,IMPROVEMENT
LUCENE-2593,BUG,BUG
LUCENE-2900,RFE,IMPROVEMENT
LUCENE-3773,IMPROVEMENT,IMPROVEMENT
LUCENE-2136,IMPROVEMENT,IMPROVEMENT
LUCENE-2636,RFE,RFE
LUCENE-1561,DOCUMENTATION,IMPROVEMENT
LUCENE-1642,BUG,BUG
LUCENE-365,IMPROVEMENT,BUG
LUCENE-1863,DOCUMENTATION,BUG
LUCENE-2132,DOCUMENTATION,BUG
LUCENE-1001,RFE,RFE
LUCENE-3299,REFACTORING,TASK
LUCENE-3871,TEST,BUG
LUCENE-1530,RFE,RFE
LUCENE-1116,IMPROVEMENT,IMPROVEMENT
LUCENE-2104,BUG,BUG
LUCENE-3650,REFACTORING,TASK
LUCENE-2825,IMPROVEMENT,IMPROVEMENT
LUCENE-2590,RFE,IMPROVEMENT
LUCENE-2098,IMPROVEMENT,IMPROVEMENT
LUCENE-986,REFACTORING,IMPROVEMENT
LUCENE-2674,IMPROVEMENT,IMPROVEMENT
LUCENE-713,DOCUMENTATION,BUG
LUCENE-3760,REFACTORING,IMPROVEMENT
LUCENE-1603,IMPROVEMENT,IMPROVEMENT
LUCENE-3233,RFE,IMPROVEMENT
LUCENE-1426,RFE,IMPROVEMENT
LUCENE-2502,CLEANUP,IMPROVEMENT
LUCENE-2183,RFE,IMPROVEMENT
LUCENE-3307,RFE,IMPROVEMENT
LUCENE-2833,BUILD_SYSTEM,IMPROVEMENT
LUCENE-326,BUG,BUG
LUCENE-3439,BUG,BUG
LUCENE-1441,BUG,BUG
LUCENE-2222,BUG,BUG
LUCENE-399,RFE,IMPROVEMENT
LUCENE-214,DOCUMENTATION,IMPROVEMENT
LUCENE-1695,REFACTORING,IMPROVEMENT
LUCENE-2771,CLEANUP,IMPROVEMENT
LUCENE-584,REFACTORING,IMPROVEMENT
LUCENE-3063,REFACTORING,TASK
LUCENE-1375,RFE,IMPROVEMENT
LUCENE-1543,IMPROVEMENT,IMPROVEMENT
LUCENE-1174,DOCUMENTATION,BUG
LUCENE-476,RFE,IMPROVEMENT
LUCENE-1553,BUG,BUG
LUCENE-2030,DESIGN_DEFECT,IMPROVEMENT
LUCENE-1791,TEST,TEST
LUCENE-298,BUG,BUG
LUCENE-590,DOCUMENTATION,BUG
LUCENE-1256,DOCUMENTATION,IMPROVEMENT
LUCENE-907,BUILD_SYSTEM,BUG
LUCENE-470,TEST,TEST
LUCENE-1675,DOCUMENTATION,IMPROVEMENT
LUCENE-3572,BUG,BUG
LUCENE-2480,CLEANUP,IMPROVEMENT
LUCENE-1414,TEST,BUG
LUCENE-1158,BUG,BUG
LUCENE-904,BUILD_SYSTEM,IMPROVEMENT
LUCENE-3530,CLEANUP,
LUCENE-3019,RFE,IMPROVEMENT
LUCENE-616,BUG,BUG
LUCENE-1944,CLEANUP,TASK
LUCENE-2924,DOCUMENTATION,BUG
LUCENE-1132,DOCUMENTATION,BUG
LUCENE-2643,BUG,BUG
LUCENE-2874,BUG,BUG
LUCENE-3555,BACKPORT,BUG
LUCENE-1043,IMPROVEMENT,IMPROVEMENT
LUCENE-2526,BUG,BUG
LUCENE-1717,IMPROVEMENT,BUG
LUCENE-1984,IMPROVEMENT,IMPROVEMENT
LUCENE-1861,BUILD_SYSTEM,
LUCENE-1606,RFE,RFE
LUCENE-846,BUG,BUG
LUCENE-350,DOCUMENTATION,BUG
LUCENE-1213,BUG,BUG
LUCENE-1396,IMPROVEMENT,IMPROVEMENT
LUCENE-3665,RFE,IMPROVEMENT
LUCENE-2117,RFE,BUG
LUCENE-1279,IMPROVEMENT,IMPROVEMENT
LUCENE-3539,IMPROVEMENT,IMPROVEMENT
LUCENE-2551,IMPROVEMENT,IMPROVEMENT
LUCENE-1058,RFE,IMPROVEMENT
LUCENE-1358,BUG,BUG
LUCENE-437,BUG,BUG
LUCENE-1756,TEST,BUG
LUCENE-1700,DESIGN_DEFECT,BUG
LUCENE-2728,BUG,BUG
LUCENE-1367,RFE,IMPROVEMENT
LUCENE-446,RFE,RFE
LUCENE-1447,IMPROVEMENT,IMPROVEMENT
LUCENE-1600,IMPROVEMENT,IMPROVEMENT
LUCENE-2062,RFE,RFE
LUCENE-575,BUG,BUG
LUCENE-997,RFE,RFE
LUCENE-2691,CLEANUP,IMPROVEMENT
LUCENE-2600,RFE,BUG
LUCENE-1460,REFACTORING,TASK
LUCENE-378,BUILD_SYSTEM,BUG
LUCENE-903,BUG,BUG
LUCENE-2620,IMPROVEMENT,BUG
LUCENE-3660,BUG,BUG
LUCENE-3431,RFE,IMPROVEMENT
LUCENE-3636,RFE,TASK
LUCENE-2437,RFE,RFE
LUCENE-636,RFE,IMPROVEMENT
LUCENE-2808,BUG,BUG
LUCENE-977,IMPROVEMENT,IMPROVEMENT
LUCENE-3375,BUG,BUG
LUCENE-3735,DESIGN_DEFECT,
LUCENE-2413,REFACTORING,IMPROVEMENT
LUCENE-1246,BUG,BUG
LUCENE-1416,BUILD_SYSTEM,BUG
LUCENE-2509,IMPROVEMENT,IMPROVEMENT
LUCENE-385,RFE,BUG
LUCENE-3766,CLEANUP,IMPROVEMENT
LUCENE-2895,BUG,BUG
LUCENE-828,BUG,BUG
LUCENE-2314,RFE,IMPROVEMENT
LUCENE-611,TEST,BUG
LUCENE-799,BUG,BUG
LUCENE-2295,RFE,IMPROVEMENT
LUCENE-1962,CLEANUP,IMPROVEMENT
LUCENE-1390,RFE,IMPROVEMENT
LUCENE-726,CLEANUP,IMPROVEMENT
LUCENE-618,OTHER,
LUCENE-3205,CLEANUP,BUG
LUCENE-2167,RFE,RFE
LUCENE-837,REFACTORING,BUG
LUCENE-3076,RFE,IMPROVEMENT
LUCENE-2709,TEST,TEST
LUCENE-1172,IMPROVEMENT,IMPROVEMENT
LUCENE-3070,IMPROVEMENT,TASK
LUCENE-2983,RFE,IMPROVEMENT
LUCENE-2193,CLEANUP,TASK
LUCENE-1370,RFE,IMPROVEMENT
LUCENE-479,BUG,BUG
LUCENE-3101,BUG,BUG
LUCENE-1512,RFE,RFE
LUCENE-1052,IMPROVEMENT,IMPROVEMENT
LUCENE-2779,IMPROVEMENT,IMPROVEMENT
LUCENE-1846,BUG,BUG
LUCENE-2610,IMPROVEMENT,IMPROVEMENT
LUCENE-2178,RFE,IMPROVEMENT
LUCENE-1324,RFE,BUG
LUCENE-3771,TEST,
LUCENE-1856,CLEANUP,TASK
LUCENE-3723,BUG,BUG
LUCENE-853,RFE,RFE
LUCENE-2207,BUG,BUG
LUCENE-1722,DOCUMENTATION,IMPROVEMENT
LUCENE-3149,IMPROVEMENT,TASK
LUCENE-3724,BUG,BUG
LUCENE-1015,RFE,IMPROVEMENT
LUCENE-1864,DOCUMENTATION,BUG
LUCENE-3386,RFE,
LUCENE-3250,CLEANUP,TASK
LUCENE-3557,RFE,IMPROVEMENT
LUCENE-1436,REFACTORING,IMPROVEMENT
LUCENE-2359,BUG,BUG
LUCENE-505,IMPROVEMENT,IMPROVEMENT
LUCENE-3003,REFACTORING,IMPROVEMENT
LUCENE-1793,CLEANUP,IMPROVEMENT
LUCENE-3290,RFE,IMPROVEMENT
LUCENE-2389,IMPROVEMENT,IMPROVEMENT
LUCENE-2182,BUG,BUG
LUCENE-3445,RFE,IMPROVEMENT
LUCENE-1906,BUG,BUG
LUCENE-886,CLEANUP,IMPROVEMENT
LUCENE-1103,RFE,IMPROVEMENT
LUCENE-2114,IMPROVEMENT,IMPROVEMENT
LUCENE-1288,RFE,IMPROVEMENT
LUCENE-1013,BUG,BUG
LUCENE-627,BUG,BUG
LUCENE-2769,BUG,BUG
LUCENE-792,BUG,BUG
LUCENE-3605,IMPROVEMENT,IMPROVEMENT
LUCENE-3608,BUG,BUG
LUCENE-2372,CLEANUP,IMPROVEMENT
LUCENE-3752,CLEANUP,TASK
LUCENE-1455,BUG,BUG
LUCENE-2668,BUG,BUG
LUCENE-3113,BUG,BUG
LUCENE-2313,TEST,IMPROVEMENT
LUCENE-2533,BUG,BUG
LUCENE-3269,TEST,TEST
LUCENE-3633,RFE,IMPROVEMENT
LUCENE-2776,IMPROVEMENT,BUG
LUCENE-2039,RFE,IMPROVEMENT
LUCENE-1991,CLEANUP,IMPROVEMENT
LUCENE-1575,REFACTORING,IMPROVEMENT
LUCENE-934,TASK,TASK
LUCENE-2839,DESIGN_DEFECT,BUG
LUCENE-2919,RFE,IMPROVEMENT
LUCENE-374,BUG,BUG
LUCENE-2186,RFE,RFE
LUCENE-1900,DOCUMENTATION,BUG
LUCENE-1587,BUG,BUG
LUCENE-1758,IMPROVEMENT,IMPROVEMENT
